Date,HomeTeam,AwayTeam,FTR,FTHG,FTAG,HTHG,HTAG,HS,AS,HST,AST,HF,AF,HC,AC,HTP,ATP
2/14/2016,Man City,Tottenham,A,1,2,0,0,19,6,4,3,12,17,7,1,46,54
2/27/2016,Leicester,Norwich,H,1,0,0,0,13,9,3,1,9,11,3,4,58,42
2/27/2016,Southampton,Chelsea,A,1,2,1,0,7,16,2,4,10,11,7,8,35,65
2/27/2016,Stoke,Aston Villa,H,2,1,0,0,11,5,3,1,7,15,11,0,55,45
2/27/2016,Watford,Bournemouth,D,0,0,0,0,14,11,1,3,14,17,4,5,47,53
2/27/2016,West Brom,Crystal Palace,H,3,2,3,0,11,15,5,2,14,16,3,6,46,54
2/27/2016,West Ham,Sunderland,H,1,0,1,0,9,13,3,4,11,9,5,6,53,47
2/28/2016,Tottenham,Swansea,H,2,1,0,1,34,10,14,4,11,14,7,7,57,43
2/28/2016,Man United,Arsenal,H,3,2,2,1,7,13,5,5,21,15,2,3,39,61
3/1/2016,Aston Villa,Everton,A,1,3,0,2,14,10,5,7,8,7,9,8,47,53
3/1/2016,Bournemouth,Southampton,H,2,0,1,0,9,6,4,1,11,18,10,2,45,55
3/1/2016,Leicester,West Brom,D,2,2,2,1,22,11,5,3,10,8,11,3,65,35
3/1/2016,Norwich,Chelsea,A,1,2,0,2,13,10,2,2,17,5,4,4,47,53
3/1/2016,Sunderland,Crystal Palace,D,2,2,1,0,17,13,6,5,11,14,4,5,59,41
3/2/2016,Arsenal,Swansea,A,1,2,1,1,18,11,4,2,8,11,7,3,63,37
3/2/2016,Liverpool,Man City,H,3,0,2,0,11,4,7,2,14,14,3,2,50,50
3/2/2016,Man United,Watford,H,1,0,0,0,14,13,3,3,7,17,9,7,61,39
3/2/2016,Stoke,Newcastle,H,1,0,0,0,9,5,2,3,11,6,5,2,55,45
3/2/2016,West Ham,Tottenham,H,1,0,1,0,14,9,3,2,10,11,6,3,35,65
3/5/2016,Chelsea,Stoke,D,1,1,1,0,20,16,7,5,9,10,8,4,49,51
3/5/2016,Everton,West Ham,A,2,3,1,0,15,17,8,5,12,13,9,6,42,58
3/5/2016,Man City,Aston Villa,H,4,0,0,0,22,2,9,1,10,10,9,1,71,29
3/5/2016,Newcastle,Bournemouth,A,1,3,0,1,14,16,3,5,13,8,5,4,49,51
3/5/2016,Southampton,Sunderland,D,1,1,0,0,16,11,5,3,9,9,12,2,65,35
3/5/2016,Swansea,Norwich,H,1,0,0,0,10,8,3,3,14,15,5,0,56,44
3/5/2016,Tottenham,Arsenal,D,2,2,0,1,26,10,11,4,9,10,9,2,52,48
3/5/2016,Watford,Leicester,A,0,1,0,0,11,14,4,7,10,11,3,8,50,50
3/6/2016,Crystal Palace,Liverpool,A,1,2,0,0,14,19,4,5,12,16,6,6,38,62
3/6/2016,West Brom,Man United,H,1,0,0,0,9,7,2,1,8,7,4,5,47,53
3/12/2016,Bournemouth,Swansea,H,3,2,1,1,12,12,4,4,12,11,5,3,44,56
3/12/2016,Norwich,Man City,D,0,0,0,0,5,15,0,3,15,10,3,8,34,66
3/12/2016,Stoke,Southampton,A,1,2,0,2,13,11,2,4,13,12,1,4,61,39
3/13/2016,Aston Villa,Tottenham,A,0,2,0,1,11,19,2,8,6,6,5,8,37,63
3/14/2016,Leicester,Newcastle,H,1,0,1,0,10,13,1,2,4,9,8,4,50,50
3/19/2016,Chelsea,West Ham,D,2,2,1,1,22,13,5,6,13,14,10,9,59,41
3/19/2016,Crystal Palace,Leicester,A,0,1,0,1,12,8,4,3,9,13,10,7,56,44
3/19/2016,Everton,Arsenal,A,0,2,0,2,8,11,2,3,7,10,7,5,54,46
3/19/2016,Swansea,Aston Villa,H,1,0,0,0,10,12,1,2,9,10,4,6,54,46
3/19/2016,Watford,Stoke,A,1,2,0,1,9,9,4,6,10,14,9,2,52,48
3/19/2016,West Brom,Norwich,A,0,1,0,0,10,7,0,1,8,13,4,3,50,50
3/20/2016,Man City,Man United,A,0,1,0,1,26,5,2,3,9,12,11,5,55,45
3/20/2016,Newcastle,Sunderland,D,1,1,0,1,17,14,8,4,14,7,2,5,60,40
3/20/2016,Southampton,Liverpool,H,3,2,0,2,16,18,5,9,10,13,3,5,49,51
3/20/2016,Tottenham,Bournemouth,H,3,0,2,0,17,2,8,0,11,6,4,5,63,37
4/2/2016,Arsenal,Watford,H,4,0,2,0,19,6,12,2,7,10,8,3,69,31
4/2/2016,Aston Villa,Chelsea,A,0,4,0,2,15,11,4,8,12,8,7,2,42,58
4/2/2016,Bournemouth,Man City,A,0,4,0,3,11,15,2,7,9,8,4,4,46,54
4/2/2016,Liverpool,Tottenham,D,1,1,0,0,15,18,7,5,11,11,12,9,42,58
4/2/2016,Norwich,Newcastle,H,3,2,1,0,13,13,6,5,6,11,6,5,43,57
4/2/2016,Stoke,Swansea,D,2,2,1,0,12,12,5,3,6,16,5,5,47,53
4/2/2016,Sunderland,West Brom,D,0,0,0,0,22,3,7,0,11,13,9,3,57,43
4/2/2016,West Ham,Crystal Palace,D,2,2,2,1,18,12,6,5,12,19,4,5,67,33
4/3/2016,Leicester,Southampton,H,1,0,1,0,11,10,4,2,12,13,7,8,46,54
4/3/2016,Man United,Everton,H,1,0,0,0,10,7,2,1,15,6,5,5,54,46
4/9/2016,Aston Villa,Bournemouth,A,1,2,0,1,6,12,1,3,13,11,3,8,41,59
4/9/2016,Crystal Palace,Norwich,H,1,0,0,0,13,13,6,4,13,10,10,4,52,48
4/9/2016,Man City,West Brom,H,2,1,1,1,13,13,4,2,10,7,8,8,62,38
4/9/2016,Southampton,Newcastle,H,3,1,2,0,20,5,6,3,8,7,11,2,51,49
4/9/2016,Swansea,Chelsea,H,1,0,1,0,12,8,6,2,15,13,1,9,39,61
4/9/2016,Watford,Everton,D,1,1,1,1,13,12,5,7,13,10,7,6,42,58
4/9/2016,West Ham,Arsenal,D,3,3,2,2,19,11,7,6,11,8,7,4,39,61
4/10/2016,Liverpool,Stoke,H,4,1,2,1,14,10,6,3,14,14,6,3,53,47
4/10/2016,Sunderland,Leicester,A,0,2,0,0,15,17,1,7,9,9,1,7,45,55
4/10/2016,Tottenham,Man United,H,3,0,0,0,16,5,8,1,10,10,2,7,47,53
4/13/2016,Crystal Palace,Everton,D,0,0,0,0,18,9,6,5,7,9,10,7,57,43
4/16/2016,Chelsea,Man City,A,0,3,0,1,11,11,4,8,12,15,11,3,52,48
4/16/2016,Everton,Southampton,D,1,1,0,0,7,18,2,4,8,14,3,10,49,51
4/16/2016,Man United,Aston Villa,H,1,0,1,0,13,7,4,1,9,10,14,3,66,34
4/16/2016,Newcastle,Swansea,H,3,0,1,0,12,11,7,1,13,9,3,7,34,66
4/16/2016,Norwich,Sunderland,A,0,3,0,1,19,8,6,3,7,11,14,0,64,36
4/16/2016,West Brom,Watford,A,0,1,0,1,16,11,4,4,11,17,9,3,57,43
4/17/2016,Arsenal,Crystal Palace,D,1,1,1,0,21,7,6,2,7,13,10,5,72,28
4/17/2016,Bournemouth,Liverpool,A,1,2,0,2,18,19,5,6,9,9,5,4,51,49
4/17/2016,Leicester,West Ham,D,2,2,1,0,6,19,2,4,14,14,0,5,43,57
4/18/2016,Stoke,Tottenham,A,0,4,0,1,12,23,2,6,12,12,5,3,51,49
4/19/2016,Newcastle,Man City,D,1,1,1,1,5,9,3,5,13,8,5,3,43,57
4/20/2016,Liverpool,Everton,H,4,0,2,0,37,3,13,0,8,11,9,1,67,33
4/20/2016,Man United,Crystal Palace,H,2,0,1,0,16,5,10,0,13,7,10,2,66,34
4/20/2016,West Ham,Watford,H,3,1,2,0,18,7,7,4,11,17,4,2,46,54
4/21/2016,Arsenal,West Brom,H,2,0,2,0,16,8,7,1,14,14,2,6,71,29
4/23/2016,Aston Villa,Southampton,A,2,4,1,2,16,17,7,7,8,9,6,11,42,58
4/23/2016,Bournemouth,Chelsea,A,1,4,1,2,13,16,4,4,11,4,10,7,45,55
4/23/2016,Liverpool,Newcastle,D,2,2,2,0,13,6,4,3,8,17,5,4,67,33
4/23/2016,Man City,Stoke,H,4,0,2,0,11,14,6,2,8,8,9,4,53,47
4/24/2016,Leicester,Swansea,H,4,0,2,0,18,9,9,1,15,10,4,6,38,62
4/24/2016,Sunderland,Arsenal,D,0,0,0,0,12,20,3,7,10,8,7,7,30,70
4/25/2016,Tottenham,West Brom,D,1,1,1,0,19,16,2,3,8,13,9,7,67,33
4/30/2016,Arsenal,Norwich,H,1,0,0,0,14,12,3,3,8,7,7,3,69,31
4/30/2016,Everton,Bournemouth,H,2,1,1,1,12,16,5,2,4,8,3,5,57,43
4/30/2016,Newcastle,Crystal Palace,H,1,0,0,0,10,9,4,3,11,12,4,8,49,51
4/30/2016,Stoke,Sunderland,D,1,1,0,0,11,14,3,5,13,13,2,8,54,46
4/30/2016,Watford,Aston Villa,H,3,2,1,1,18,7,6,2,14,10,8,4,65,35
4/30/2016,West Brom,West Ham,A,0,3,0,2,15,8,5,4,14,7,8,6,41,59
5/1/2016,Man United,Leicester,D,1,1,1,1,21,14,6,3,16,10,6,5,71,29
5/1/2016,Southampton,Man City,H,4,2,2,1,14,6,7,5,12,9,8,2,40,60
5/1/2016,Swansea,Liverpool,H,3,1,2,0,18,11,9,3,12,13,4,7,48,52
5/2/2016,Chelsea,Tottenham,D,2,2,0,2,13,16,5,5,9,20,7,8,47,53
5/7/2016,Aston Villa,Newcastle,D,0,0,0,0,2,9,0,3,8,13,0,5,46,54
5/7/2016,Bournemouth,West Brom,D,1,1,0,1,12,12,4,4,5,8,5,3,69,31
5/7/2016,Crystal Palace,Stoke,H,2,1,0,1,17,12,4,3,8,18,4,3,58,42
5/7/2016,Leicester,Everton,H,3,1,2,0,32,9,8,5,4,12,12,4,41,59
5/7/2016,Norwich,Man United,A,0,1,0,0,8,15,2,2,11,10,1,6,33,67
5/7/2016,Sunderland,Chelsea,H,3,2,1,2,15,9,4,8,11,9,3,3,31,69
5/7/2016,West Ham,Swansea,A,1,4,0,2,25,13,7,6,11,8,13,3,52,48
5/8/2016,Liverpool,Watford,H,2,0,1,0,19,14,5,3,10,15,8,8,66,34
5/8/2016,Man City,Arsenal,D,2,2,1,1,14,5,3,2,16,10,7,2,57,43
5/8/2016,Tottenham,Southampton,A,1,2,1,1,20,10,6,2,8,16,10,2,70,30
5/10/2016,West Ham,Man United,H,3,2,1,0,20,3,6,2,6,18,6,2,41,59
5/11/2016,Liverpool,Chelsea,D,1,1,0,1,28,13,9,7,11,12,7,3,55,45
5/11/2016,Norwich,Watford,H,4,2,3,1,18,12,6,7,8,12,5,1,56,44
5/11/2016,Sunderland,Everton,H,3,0,2,0,14,17,8,6,15,7,5,5,38,62
5/15/2016,Arsenal,Aston Villa,H,4,0,1,0,16,5,7,2,12,6,5,4,60,40
5/15/2016,Chelsea,Leicester,D,1,1,0,0,17,18,4,5,4,12,7,6,54,46
5/15/2016,Everton,Norwich,H,3,0,2,0,15,10,8,2,7,11,4,11,45,55
5/15/2016,Newcastle,Tottenham,H,5,1,2,0,19,17,10,5,7,6,3,8,38,62
5/15/2016,Southampton,Crystal Palace,H,4,1,1,0,18,16,5,4,7,14,2,5,50,50
5/15/2016,Stoke,West Ham,H,2,1,0,1,7,20,4,7,8,12,4,10,47,53
5/15/2016,Swansea,Man City,D,1,1,1,1,4,18,1,5,4,19,4,4,50,50
5/15/2016,Watford,Sunderland,D,2,2,0,1,21,6,6,4,11,10,7,4,54,46
5/15/2016,West Brom,Liverpool,D,1,1,1,1,13,7,1,3,11,14,7,5,33,67
5/17/2016,Man United,Bournemouth,H,3,1,1,0,12,7,5,0,9,8,7,1,66,34
8/13/2016,Burnley,Swansea,A,0,1,0,0,10,17,3,9,10,14,7,4,47,53
8/13/2016,Crystal Palace,West Brom,A,0,1,0,0,14,13,4,3,12,15,3,6,62,38
8/13/2016,Everton,Tottenham,D,1,1,1,0,12,13,6,4,10,14,5,6,42,58
8/13/2016,Hull,Leicester,H,2,1,1,0,14,18,5,5,8,17,5,3,50,50
8/13/2016,Man City,Sunderland,H,2,1,1,0,16,7,4,3,11,14,9,6,77,23
8/13/2016,Middlesbrough,Stoke,D,1,1,1,0,12,12,2,1,18,14,9,6,46,54
8/13/2016,Southampton,Watford,D,1,1,0,1,24,5,6,1,8,12,6,2,64,36
8/14/2016,Arsenal,Liverpool,A,3,4,1,1,9,16,5,7,13,17,5,4,51,49
8/14/2016,Bournemouth,Man United,A,1,3,0,1,9,11,3,7,7,10,4,2,47,53
8/15/2016,Chelsea,West Ham,H,2,1,0,0,16,7,6,3,16,16,7,1,62,38
8/19/2016,Man United,Southampton,H,2,0,1,0,12,13,5,1,11,8,4,0,43,57
8/20/2016,Burnley,Liverpool,H,2,0,2,0,3,26,2,5,14,5,1,12,20,80
8/20/2016,Leicester,Arsenal,D,0,0,0,0,8,13,1,4,11,7,2,7,39,61
8/20/2016,Stoke,Man City,A,1,4,0,2,8,12,3,6,12,13,7,7,42,58
8/20/2016,Swansea,Hull,A,0,2,0,0,13,12,3,4,7,10,8,3,57,43
8/20/2016,Tottenham,Crystal Palace,H,1,0,0,0,20,10,5,2,19,9,10,4,57,43
8/20/2016,Watford,Chelsea,A,1,2,0,0,6,13,2,4,20,10,0,5,38,62
8/20/2016,West Brom,Everton,A,1,2,1,1,11,13,4,7,16,10,7,4,34,66
8/21/2016,Sunderland,Middlesbrough,A,1,2,0,2,18,8,5,3,11,14,8,1,47,53
8/21/2016,West Ham,Bournemouth,H,1,0,0,0,15,8,2,5,15,15,1,6,47,53
8/27/2016,Chelsea,Burnley,H,3,0,2,0,22,6,10,0,6,9,9,5,60,40
8/27/2016,Crystal Palace,Bournemouth,D,1,1,0,1,24,10,5,3,15,10,10,4,59,41
8/27/2016,Everton,Stoke,H,1,0,0,0,21,8,9,1,14,11,9,2,55,45
8/27/2016,Hull,Man United,A,0,1,0,0,8,29,2,9,9,6,1,6,38,62
8/27/2016,Leicester,Swansea,H,2,1,1,0,13,9,6,3,14,10,4,6,52,48
8/27/2016,Southampton,Sunderland,D,1,1,0,0,16,5,7,2,15,8,5,5,64,36
8/27/2016,Tottenham,Liverpool,D,1,1,0,1,11,13,4,3,11,17,5,5,49,51
8/27/2016,Watford,Arsenal,A,1,3,0,3,14,10,6,7,18,15,3,2,45,55
8/28/2016,Man City,West Ham,H,3,1,2,0,22,9,5,2,5,10,5,4,67,33
8/28/2016,West Brom,Middlesbrough,D,0,0,0,0,13,7,2,2,12,11,5,4,41,59
9/10/2016,Arsenal,Southampton,H,2,1,1,1,17,11,2,5,10,8,6,1,57,43
9/10/2016,Bournemouth,West Brom,H,1,0,0,0,12,12,5,2,9,11,10,5,64,36
9/10/2016,Burnley,Hull,D,1,1,0,0,13,11,2,3,13,3,5,9,39,61
9/10/2016,Liverpool,Leicester,H,4,1,2,1,17,12,11,3,4,8,1,7,62,38
9/10/2016,Man United,Man City,A,1,2,1,2,14,18,3,6,15,10,4,4,40,60
9/10/2016,Middlesbrough,Crystal Palace,A,1,2,1,1,12,12,4,4,5,9,6,6,58,42
9/10/2016,Stoke,Tottenham,A,0,4,0,1,15,20,2,8,13,18,10,8,40,60
9/10/2016,West Ham,Watford,A,2,4,2,2,19,13,4,8,10,15,4,4,58,42
9/11/2016,Swansea,Chelsea,D,2,2,0,1,6,28,2,7,17,8,1,11,45,55
9/12/2016,Sunderland,Everton,A,0,3,0,0,11,20,2,9,11,8,5,4,33,67
9/16/2016,Chelsea,Liverpool,A,1,2,0,2,12,13,4,5,6,13,6,4,53,47
9/17/2016,Everton,Middlesbrough,H,3,1,3,1,11,7,6,0,5,15,6,3,52,48
9/17/2016,Hull,Arsenal,A,1,4,0,1,6,24,2,9,9,12,2,4,39,61
9/17/2016,Leicester,Burnley,H,3,0,1,0,14,7,6,2,10,9,7,1,59,41
9/17/2016,Man City,Bournemouth,H,4,0,2,0,20,6,12,2,8,11,5,5,64,36
9/17/2016,West Brom,West Ham,H,4,2,3,0,8,23,6,5,14,6,2,6,30,70
9/18/2016,Crystal Palace,Stoke,H,4,1,2,0,14,11,8,4,15,9,10,5,57,43
9/18/2016,Southampton,Swansea,H,1,0,0,0,19,9,6,3,14,9,7,1,53,47
9/18/2016,Tottenham,Sunderland,H,1,0,0,0,31,6,9,2,7,16,14,1,74,26
9/18/2016,Watford,Man United,H,3,1,1,0,10,15,5,2,14,19,5,7,40,60
9/24/2016,Arsenal,Chelsea,H,3,0,3,0,14,9,5,2,9,11,9,1,49,51
9/24/2016,Bournemouth,Everton,H,1,0,1,0,12,13,1,2,10,14,5,3,53,47
9/24/2016,Liverpool,Hull,H,5,1,3,0,32,2,12,1,8,8,13,2,74,26
9/24/2016,Man United,Leicester,H,4,1,4,0,16,10,7,3,9,12,8,6,67,33
9/24/2016,Middlesbrough,Tottenham,A,1,2,0,2,6,19,2,5,14,9,2,10,42,58
9/24/2016,Stoke,West Brom,D,1,1,0,0,12,9,2,3,9,13,6,6,56,44
9/24/2016,Sunderland,Crystal Palace,A,2,3,1,0,11,20,4,4,15,12,3,5,45,55
9/24/2016,Swansea,Man City,A,1,3,1,1,13,18,5,4,15,9,2,7,42,58
9/25/2016,West Ham,Southampton,A,0,3,0,1,13,18,1,9,9,14,6,2,45,55
9/26/2016,Burnley,Watford,H,2,0,1,0,13,12,4,3,11,15,7,6,43,57
9/30/2016,Everton,Crystal Palace,D,1,1,1,0,13,10,3,2,16,11,10,9,57,43
10/1/2016,Hull,Chelsea,A,0,2,0,0,8,22,3,9,13,15,5,7,41,59
10/1/2016,Sunderland,West Brom,D,1,1,0,1,7,17,2,7,7,13,6,5,56,44
10/1/2016,Swansea,Liverpool,A,1,2,1,0,8,18,3,6,11,9,3,10,41,59
10/1/2016,Watford,Bournemouth,D,2,2,0,1,17,11,7,2,17,12,4,5,48,52
10/1/2016,West Ham,Middlesbrough,D,1,1,0,0,19,9,2,3,13,12,4,5,40,60
10/2/2016,Burnley,Arsenal,A,0,1,0,0,10,18,1,3,2,3,2,6,33,67
10/2/2016,Leicester,Southampton,D,0,0,0,0,9,11,1,5,9,9,3,6,38,62
10/2/2016,Man United,Stoke,D,1,1,0,0,24,7,9,6,14,9,13,2,67,33
10/2/2016,Tottenham,Man City,H,2,0,2,0,13,12,7,6,20,10,4,3,48,52
10/15/2016,Arsenal,Swansea,H,3,2,2,1,16,13,6,6,7,10,5,6,55,45
10/15/2016,Bournemouth,Hull,H,6,1,3,1,22,11,10,4,8,14,5,4,62,38
10/15/2016,Chelsea,Leicester,H,3,0,2,0,16,5,6,0,6,12,8,5,56,44
10/15/2016,Crystal Palace,West Ham,A,0,1,0,1,12,12,3,4,12,13,7,6,66,34
10/15/2016,Man City,Everton,D,1,1,0,0,19,3,8,2,7,9,13,1,39,61
10/15/2016,Stoke,Sunderland,H,2,0,2,0,18,11,6,1,10,13,6,4,48,52
10/15/2016,West Brom,Tottenham,D,1,1,0,0,8,20,4,8,14,10,5,8,66,34
10/16/2016,Middlesbrough,Watford,A,0,1,0,0,10,4,3,2,15,10,4,6,62,38
10/16/2016,Southampton,Burnley,H,3,1,0,0,34,6,14,1,11,10,8,4,28,72
10/17/2016,Liverpool,Man United,D,0,0,0,0,9,7,3,1,14,20,3,1,51,49
10/22/2016,Arsenal,Middlesbrough,D,0,0,0,0,9,11,5,4,6,13,8,3,67,33
10/22/2016,Bournemouth,Tottenham,D,0,0,0,0,8,16,1,4,10,15,7,4,57,43
10/22/2016,Burnley,Everton,H,2,1,1,0,9,20,3,8,16,15,2,8,44,56
10/22/2016,Hull,Stoke,A,0,2,0,1,9,12,2,6,16,8,5,7,59,41
10/22/2016,Leicester,Crystal Palace,H,3,1,1,0,17,23,4,7,10,8,8,8,42,58
10/22/2016,Liverpool,West Brom,H,2,1,2,0,21,6,7,1,9,13,3,2,46,54
10/22/2016,Swansea,Watford,D,0,0,0,0,11,10,5,2,15,16,7,2,46,54
10/22/2016,West Ham,Sunderland,H,1,0,0,0,20,10,3,2,10,13,6,2,30,70
10/23/2016,Chelsea,Man United,H,4,0,2,0,14,16,6,5,7,17,5,7,28,72
10/23/2016,Man City,Southampton,D,1,1,0,1,14,6,3,2,11,10,10,3,58,42
10/29/2016,Crystal Palace,Liverpool,A,2,4,2,3,7,17,6,10,15,5,3,3,63,37
10/29/2016,Man United,Burnley,D,0,0,0,0,37,7,11,1,12,9,19,1,41,59
10/29/2016,Middlesbrough,Bournemouth,H,2,0,1,0,10,15,3,3,3,5,4,7,45,55
10/29/2016,Sunderland,Arsenal,A,1,4,0,1,3,21,1,7,9,13,0,8,48,52
10/29/2016,Tottenham,Leicester,D,1,1,1,0,22,6,5,1,11,20,8,1,69,31
10/29/2016,Watford,Hull,H,1,0,0,0,22,8,0,2,13,8,7,2,53,47
10/29/2016,West Brom,Man City,A,0,4,0,2,9,21,1,8,17,10,1,7,46,54
10/30/2016,Everton,West Ham,H,2,0,0,0,17,13,6,3,15,12,8,8,36,64
10/30/2016,Southampton,Chelsea,A,0,2,0,1,9,13,1,7,13,16,7,3,35,65
10/31/2016,Stoke,Swansea,H,3,1,1,1,17,14,4,6,7,14,6,4,68,32
11/5/2016,Bournemouth,Sunderland,A,1,2,1,1,22,9,7,4,14,17,12,2,34,66
11/5/2016,Burnley,Crystal Palace,H,3,2,2,0,14,16,7,5,11,12,4,7,45,55
11/5/2016,Chelsea,Everton,H,5,0,3,0,21,1,9,0,5,16,4,2,41,59
11/5/2016,Man City,Middlesbrough,D,1,1,1,0,25,5,7,3,7,15,8,2,46,54
11/5/2016,West Ham,Stoke,D,1,1,0,0,9,12,2,4,11,10,6,4,72,28
11/6/2016,Arsenal,Tottenham,D,1,1,1,0,15,10,2,3,11,17,7,2,48,52
11/6/2016,Hull,Southampton,H,2,1,0,1,6,19,2,7,13,15,1,10,69,31
11/6/2016,Leicester,West Brom,A,1,2,0,0,5,11,2,5,8,8,5,6,31,69
11/6/2016,Liverpool,Watford,H,6,1,3,0,28,11,17,8,14,10,6,3,49,51
11/6/2016,Swansea,Man United,A,1,3,0,3,6,9,1,3,9,16,2,0,69,31
11/19/2016,Crystal Palace,Man City,A,1,2,0,1,9,10,2,4,12,15,2,7,64,36
11/19/2016,Everton,Swansea,D,1,1,0,1,14,5,6,3,13,12,10,3,52,48
11/19/2016,Man United,Arsenal,D,1,1,0,0,12,5,5,1,14,11,10,4,57,43
11/19/2016,Southampton,Liverpool,D,0,0,0,0,3,15,0,2,8,11,1,8,41,59
11/19/2016,Stoke,Bournemouth,A,0,1,0,1,14,9,6,2,17,10,3,4,55,45
11/19/2016,Sunderland,Hull,H,3,0,1,0,11,17,4,7,9,8,2,8,49,51
11/19/2016,Tottenham,West Ham,H,3,2,0,1,14,11,6,3,13,16,4,5,55,45
11/19/2016,Watford,Leicester,H,2,1,2,1,10,10,3,2,12,18,4,6,32,68
11/20/2016,Middlesbrough,Chelsea,A,0,1,0,1,12,13,1,3,13,10,2,3,51,49
11/21/2016,West Brom,Burnley,H,4,0,3,0,16,5,6,2,12,12,4,3,40,60
11/26/2016,Burnley,Man City,A,1,2,1,1,10,21,5,5,5,15,5,8,32,68
11/26/2016,Chelsea,Tottenham,H,2,1,1,1,9,12,5,6,13,16,3,8,58,42
11/26/2016,Hull,West Brom,D,1,1,0,1,10,11,4,2,7,10,2,6,55,45
11/26/2016,Leicester,Middlesbrough,D,2,2,1,1,11,6,3,2,15,12,2,3,60,40
11/26/2016,Liverpool,Sunderland,H,2,0,0,0,27,6,7,1,5,9,9,4,42,58
11/26/2016,Swansea,Crystal Palace,H,5,4,1,1,18,12,9,4,12,24,10,6,69,31
11/27/2016,Arsenal,Bournemouth,H,3,1,1,1,16,9,3,3,12,13,3,10,38,62
11/27/2016,Man United,West Ham,D,1,1,1,1,17,6,8,2,16,16,8,4,50,50
11/27/2016,Southampton,Everton,H,1,0,1,0,17,13,7,1,11,15,5,2,65,35
11/27/2016,Watford,Stoke,A,0,1,0,1,11,14,2,1,24,14,3,3,57,43
12/3/2016,Crystal Palace,Southampton,H,3,0,2,0,9,17,4,3,11,13,4,9,47,53
12/3/2016,Man City,Chelsea,A,1,3,1,0,14,10,5,4,14,9,9,2,62,38
12/3/2016,Stoke,Burnley,H,2,0,2,0,10,14,4,4,7,13,4,9,32,68
12/3/2016,Sunderland,Leicester,H,2,1,0,0,22,17,6,5,8,12,3,4,55,45
12/3/2016,Tottenham,Swansea,H,5,0,2,0,28,1,15,0,11,17,5,0,66,34
12/3/2016,West Brom,Watford,H,3,1,2,0,11,17,3,5,12,8,3,4,42,58
12/3/2016,West Ham,Arsenal,A,1,5,0,1,10,19,3,10,10,11,3,2,33,67
12/4/2016,Bournemouth,Liverpool,H,4,3,0,2,12,10,8,3,9,17,4,9,53,47
12/4/2016,Everton,Man United,D,1,1,0,1,13,10,6,2,13,11,6,3,30,70
12/5/2016,Middlesbrough,Hull,H,1,0,0,0,16,6,4,2,6,11,13,7,60,40
12/10/2016,Arsenal,Stoke,H,3,1,1,1,21,12,6,5,9,6,7,7,33,67
12/10/2016,Burnley,Bournemouth,H,3,2,2,1,16,17,7,4,14,18,4,11,47,53
12/10/2016,Hull,Crystal Palace,D,3,3,1,0,15,14,6,6,16,14,4,7,63,37
12/10/2016,Leicester,Man City,H,4,2,3,0,10,19,6,4,10,7,3,11,71,29
12/10/2016,Swansea,Sunderland,H,3,0,0,0,14,11,5,2,10,8,7,4,53,47
12/10/2016,Watford,Everton,H,3,2,1,1,11,11,6,4,11,16,2,4,37,63
12/11/2016,Chelsea,West Brom,H,1,0,0,0,12,6,2,1,6,10,3,1,49,51
12/11/2016,Liverpool,West Ham,D,2,2,1,2,18,7,3,3,7,8,11,4,45,55
12/11/2016,Man United,Tottenham,H,1,0,1,0,15,12,5,4,19,17,3,8,71,29
12/11/2016,Southampton,Middlesbrough,H,1,0,0,0,14,6,3,2,14,12,4,2,35,65
12/13/2016,Bournemouth,Leicester,H,1,0,1,0,9,12,3,4,5,15,4,11,49,51
12/13/2016,Everton,Arsenal,H,2,1,1,1,14,9,4,3,10,10,8,3,74,26
12/14/2016,Crystal Palace,Man United,A,1,2,0,1,6,16,3,6,16,10,1,8,59,41
12/14/2016,Man City,Watford,H,2,0,1,0,13,5,7,2,16,20,5,2,61,39
12/14/2016,Middlesbrough,Liverpool,A,0,3,0,1,8,15,3,4,11,14,5,2,65,35
12/14/2016,Stoke,Southampton,D,0,0,0,0,5,15,3,4,9,10,3,11,33,67
12/14/2016,Sunderland,Chelsea,A,0,1,0,1,8,19,3,6,15,10,5,5,70,30
12/14/2016,Tottenham,Hull,H,3,0,1,0,27,10,9,5,6,14,5,5,22,78
12/14/2016,West Brom,Swansea,H,3,1,0,0,13,8,4,4,8,8,0,11,78,38
12/14/2016,West Ham,Burnley,H,1,0,1,0,20,8,7,2,12,15,6,1,57,43
12/17/2016,Crystal Palace,Chelsea,A,0,1,0,1,6,13,2,6,12,15,5,3,62,38
12/17/2016,Middlesbrough,Swansea,H,3,0,2,0,10,14,4,2,10,11,3,8,60,40
12/17/2016,Stoke,Leicester,D,2,2,2,0,16,14,7,8,9,12,9,9,46,54
12/17/2016,Sunderland,Watford,H,1,0,0,0,12,9,4,4,10,9,4,11,29,71
12/17/2016,West Brom,Man United,A,0,2,0,1,10,10,1,5,9,13,2,3,55,45
12/17/2016,West Ham,Hull,H,1,0,0,0,18,16,6,5,13,9,10,6,27,73
12/18/2016,Bournemouth,Southampton,A,1,3,1,1,10,14,5,8,6,12,7,4,56,44
12/18/2016,Man City,Arsenal,H,2,1,0,1,14,6,5,1,9,13,8,1,68,32
12/18/2016,Tottenham,Burnley,H,2,1,1,1,30,5,9,2,10,11,11,2,45,55
12/19/2016,Everton,Liverpool,A,0,1,0,0,6,11,1,4,13,9,1,6,72,28
12/26/2016,Arsenal,West Brom,H,1,0,0,0,26,3,11,1,11,7,6,5,66,34
12/26/2016,Burnley,Middlesbrough,H,1,0,0,0,6,8,4,2,17,18,7,3,23,77
12/26/2016,Chelsea,Bournemouth,H,3,0,1,0,14,7,4,3,13,14,5,5,41,59
12/26/2016,Hull,Man City,A,0,3,0,0,10,16,3,6,11,14,4,7,53,47
12/26/2016,Leicester,Everton,A,0,2,0,0,7,8,2,3,14,7,3,4,68,32
12/26/2016,Man United,Sunderland,H,3,1,1,0,26,7,9,4,6,9,5,5,65,35
12/26/2016,Swansea,West Ham,A,1,4,0,1,14,14,7,7,10,12,8,4,30,70
12/26/2016,Watford,Crystal Palace,D,1,1,0,1,9,10,3,4,18,17,7,3,53,47
12/27/2016,Liverpool,Stoke,H,4,1,2,1,20,6,6,2,9,6,8,2,45,55
12/28/2016,Southampton,Tottenham,A,1,4,1,1,9,17,2,5,7,16,2,10,69,31
12/30/2016,Hull,Everton,D,2,2,1,1,13,20,4,7,10,13,5,5,37,63
12/31/2016,Burnley,Sunderland,H,4,1,1,0,16,11,6,3,10,8,6,2,42,58
12/31/2016,Chelsea,Stoke,H,4,2,1,0,18,5,7,2,12,10,8,3,57,43
12/31/2016,Leicester,West Ham,H,1,0,1,0,12,25,4,5,11,8,7,7,49,51
12/31/2016,Liverpool,Man City,H,1,0,1,0,5,9,1,2,12,12,4,6,67,33
12/31/2016,Man United,Middlesbrough,H,2,1,0,0,32,9,12,2,9,14,12,2,43,57
12/31/2016,Southampton,West Brom,A,1,2,1,1,10,7,1,3,13,17,8,3,58,42
12/31/2016,Swansea,Bournemouth,A,0,3,0,2,14,11,5,6,14,9,4,3,49,51
1/1/2017,Arsenal,Crystal Palace,H,2,0,1,0,22,7,7,4,9,7,8,4,51,49
1/1/2017,Watford,Tottenham,A,1,4,0,3,6,19,2,6,11,6,0,3,40,60
1/2/2017,Everton,Southampton,H,3,0,0,0,17,12,6,3,5,14,10,8,66,34
1/2/2017,Man City,Burnley,H,2,1,0,0,14,11,3,3,11,11,8,8,53,47
1/2/2017,Middlesbrough,Leicester,D,0,0,0,0,9,10,1,4,10,9,2,2,37,63
1/2/2017,Sunderland,Liverpool,D,2,2,1,1,10,21,5,15,10,10,2,5,35,65
1/2/2017,West Brom,Hull,H,3,1,0,1,8,17,5,6,5,4,7,9,62,38
1/2/2017,West Ham,Man United,A,0,2,0,0,8,13,2,6,9,13,2,1,43,57
1/3/2017,Bournemouth,Arsenal,D,3,3,2,0,12,14,6,4,10,12,4,7,63,37
1/3/2017,Crystal Palace,Swansea,A,1,2,0,1,7,11,3,4,13,14,4,5,46,54
1/3/2017,Stoke,Watford,H,2,0,1,0,17,9,5,2,10,15,7,6,60,40
1/4/2017,Tottenham,Chelsea,H,2,0,1,0,9,11,2,2,9,8,1,6,71,29
1/14/2017,Burnley,Southampton,H,1,0,0,0,9,20,3,5,14,14,2,7,42,58
1/14/2017,Hull,Bournemouth,H,3,1,1,1,14,8,3,6,13,11,4,5,75,25
1/14/2017,Leicester,Chelsea,A,0,3,0,1,7,8,2,3,8,9,3,5,33,67
1/14/2017,Sunderland,Stoke,A,1,3,1,3,14,14,3,6,16,11,5,2,37,63
1/14/2017,Swansea,Arsenal,A,0,4,0,1,12,14,3,6,12,8,3,2,51,49
1/14/2017,Tottenham,West Brom,H,4,0,2,0,21,3,11,0,11,12,8,0,49,51
1/14/2017,Watford,Middlesbrough,D,0,0,0,0,12,5,5,1,15,15,3,1,52,48
1/14/2017,West Ham,Crystal Palace,H,3,0,0,0,14,10,3,1,10,14,2,2,51,49
1/15/2017,Everton,Man City,H,4,0,1,0,6,13,4,5,17,7,3,6,43,57
1/15/2017,Man United,Liverpool,D,1,1,0,1,9,13,3,4,17,13,5,7,72,28
1/21/2017,Bournemouth,Watford,D,2,2,0,1,15,10,5,3,6,16,9,4,61,39
1/21/2017,Crystal Palace,Everton,A,0,1,0,0,8,16,2,8,10,15,8,7,44,56
1/21/2017,Liverpool,Swansea,A,2,3,0,0,16,6,5,3,7,7,6,3,51,49
1/21/2017,Man City,Tottenham,D,2,2,0,0,17,6,7,2,10,7,5,4,49,51
1/21/2017,Middlesbrough,West Ham,A,1,3,1,2,11,13,2,5,7,14,7,5,49,51
1/21/2017,Stoke,Man United,D,1,1,1,0,6,25,1,8,12,13,1,7,69,31
1/21/2017,West Brom,Sunderland,H,2,0,2,0,14,9,5,3,15,12,1,4,61,39
1/22/2017,Arsenal,Burnley,H,2,1,0,0,24,13,8,7,12,11,10,4,38,62
1/22/2017,Chelsea,Hull,H,2,0,1,0,9,9,5,4,12,10,9,7,40,60
1/22/2017,Southampton,Leicester,H,3,0,2,0,20,11,7,2,8,10,7,2,59,41
1/31/2017,Arsenal,Watford,A,1,2,0,2,20,10,5,6,12,15,9,5,29,71
1/31/2017,Bournemouth,Crystal Palace,A,0,2,0,0,10,11,2,4,14,23,2,3,35,65
1/31/2017,Burnley,Leicester,H,1,0,0,0,24,13,3,5,4,8,10,2,43,57
1/31/2017,Liverpool,Chelsea,D,1,1,0,1,7,8,3,2,13,8,3,3,65,35
1/31/2017,Middlesbrough,West Brom,D,1,1,1,1,11,16,3,5,12,13,4,2,63,37
1/31/2017,Sunderland,Tottenham,D,0,0,0,0,3,14,1,3,9,13,2,12,32,68
1/31/2017,Swansea,Southampton,H,2,1,1,0,11,10,5,2,10,19,5,4,62,38
2/1/2017,Man United,Hull,D,0,0,0,0,15,6,6,2,20,16,7,1,43,57
2/1/2017,Stoke,Everton,D,1,1,1,1,14,14,7,5,21,12,5,5,32,68
2/1/2017,West Ham,Man City,A,0,4,0,3,6,11,1,4,11,14,2,4,79,21
2/4/2017,Chelsea,Arsenal,H,3,1,1,0,13,9,6,5,14,8,10,13,40,60
2/4/2017,Crystal Palace,Sunderland,A,0,4,0,4,21,10,9,7,8,8,6,1,73,27
2/4/2017,Everton,Bournemouth,H,6,3,3,0,15,18,10,8,14,4,4,8,46,54
2/4/2017,Hull,Liverpool,H,2,0,1,0,7,22,4,5,9,12,1,15,47,53
2/4/2017,Southampton,West Ham,A,1,3,1,2,21,6,7,4,12,15,3,2,62,38
2/4/2017,Tottenham,Middlesbrough,H,1,0,0,0,17,8,5,0,8,11,11,2,57,43
2/4/2017,Watford,Burnley,H,2,1,2,0,16,11,7,7,12,10,3,6,65,35
2/4/2017,West Brom,Stoke,H,1,0,1,0,16,12,4,2,6,13,5,6,53,47
2/5/2017,Leicester,Man United,A,0,3,0,2,11,15,1,9,12,13,10,3,22,78
2/5/2017,Man City,Swansea,H,2,1,1,0,17,4,5,2,9,13,10,3,77,23
2/11/2017,Arsenal,Hull,H,2,0,1,0,17,9,7,4,12,9,3,8,55,45
2/11/2017,Liverpool,Tottenham,H,2,0,2,0,17,7,9,2,14,14,10,3,66,34
2/11/2017,Man United,Watford,H,2,0,1,0,22,9,11,3,10,12,5,1,52,48
2/11/2017,Middlesbrough,Everton,D,0,0,0,0,9,7,3,3,14,9,5,2,56,44
2/11/2017,Stoke,Crystal Palace,H,1,0,0,0,7,6,4,1,10,14,5,5,32,68
2/11/2017,Sunderland,Southampton,A,0,4,0,2,6,15,1,8,12,14,6,2,36,64
2/11/2017,West Ham,West Brom,D,2,2,0,1,16,8,4,3,7,14,7,5,73,27
2/12/2017,Burnley,Chelsea,D,1,1,1,1,6,13,4,2,12,11,1,1,42,58
2/12/2017,Swansea,Leicester,H,2,0,2,0,10,9,4,1,7,14,7,3,56,44
2/13/2017,Bournemouth,Man City,A,0,2,0,1,5,17,1,5,8,11,3,7,73,27
2/25/2017,Chelsea,Swansea,H,3,1,1,1,16,3,5,2,11,14,8,1,45,55
2/25/2017,Crystal Palace,Middlesbrough,H,1,0,1,0,15,11,3,4,13,15,4,2,70,30
2/25/2017,Everton,Sunderland,H,2,0,1,0,20,10,8,1,10,16,10,6,22,78
2/25/2017,Hull,Burnley,D,1,1,0,0,15,10,1,3,8,13,6,3,52,48
2/25/2017,Watford,West Ham,D,1,1,1,0,9,13,1,2,18,14,4,6,40,60
2/25/2017,West Brom,Bournemouth,H,2,1,2,1,13,12,4,4,12,5,8,6,47,53
2/26/2017,Tottenham,Stoke,H,4,0,4,0,21,5,9,3,11,14,8,5,50,50
2/27/2017,Leicester,Liverpool,H,3,1,2,0,13,17,7,7,8,5,5,12,48,52
3/4/2017,Leicester,Hull,H,3,1,1,1,17,10,5,4,12,13,10,4,63,37
3/4/2017,Liverpool,Arsenal,H,3,1,2,0,18,7,7,3,8,15,9,3,47,53
3/4/2017,Man United,Bournemouth,D,1,1,1,1,20,3,7,1,9,11,15,2,56,44
3/4/2017,Stoke,Middlesbrough,H,2,0,2,0,13,8,8,2,16,20,6,1,48,52
3/4/2017,Swansea,Burnley,H,3,2,1,1,23,6,10,4,7,13,9,2,54,46
3/4/2017,Watford,Southampton,A,3,4,1,2,16,20,4,11,16,9,6,5,38,62
3/4/2017,West Brom,Crystal Palace,A,0,2,0,0,11,10,1,4,8,12,5,5,58,42
3/5/2017,Sunderland,Man City,A,0,2,0,1,11,14,3,7,11,4,6,4,68,32
3/5/2017,Tottenham,Everton,H,3,2,1,0,20,8,7,4,9,14,7,2,42,58
3/6/2017,West Ham,Chelsea,A,1,2,0,1,11,9,2,4,8,8,6,4,31,69
3/8/2017,Man City,Stoke,D,0,0,0,0,12,5,1,2,8,11,8,1,39,61
3/11/2017,Bournemouth,West Ham,H,3,2,1,1,21,15,9,7,20,15,5,6,69,31
3/11/2017,Everton,West Brom,H,3,0,2,0,16,5,5,2,8,12,4,6,25,75
3/11/2017,Hull,Swansea,H,2,1,0,0,15,11,7,3,14,5,2,7,61,39
3/12/2017,Liverpool,Burnley,H,2,1,1,1,10,11,3,1,12,16,11,1,65,35
3/18/2017,Bournemouth,Swansea,H,2,0,1,0,12,10,6,1,10,9,2,4,39,61
3/18/2017,Crystal Palace,Watford,H,1,0,0,0,7,6,0,2,8,15,3,2,59,41
3/18/2017,Everton,Hull,H,4,0,1,0,14,6,8,0,9,7,5,8,54,46
3/18/2017,Stoke,Chelsea,A,1,2,1,1,5,20,1,7,16,11,5,11,49,51
3/18/2017,Sunderland,Burnley,D,0,0,0,0,14,17,5,3,14,7,3,5,54,46
3/18/2017,West Brom,Arsenal,H,3,1,1,1,12,11,8,2,5,6,4,5,54,46
3/18/2017,West Ham,Leicester,A,2,3,1,3,20,11,7,5,10,14,6,5,58,42
3/19/2017,Man City,Liverpool,D,1,1,0,0,13,13,3,4,14,7,9,8,52,48
3/19/2017,Middlesbrough,Man United,A,1,3,0,1,10,14,3,6,9,8,8,3,48,52
3/19/2017,Tottenham,Southampton,H,2,1,2,0,12,8,6,3,12,13,5,1,73,27
4/1/2017,Burnley,Tottenham,A,0,2,0,0,13,19,2,7,9,6,3,7,36,64
4/1/2017,Chelsea,Crystal Palace,A,1,2,1,2,24,8,11,3,12,14,9,3,20,80
4/1/2017,Hull,West Ham,H,2,1,0,1,7,12,3,4,16,9,5,5,67,33
4/1/2017,Leicester,Stoke,H,2,0,1,0,23,10,10,2,7,11,10,4,53,47
4/1/2017,Liverpool,Everton,H,3,1,2,1,10,9,6,4,17,10,2,3,37,63
4/1/2017,Man United,West Brom,D,0,0,0,0,18,3,3,1,15,13,6,1,59,41
4/1/2017,Southampton,Bournemouth,D,0,0,0,0,14,12,4,3,14,8,6,3,48,52
4/1/2017,Watford,Sunderland,H,1,0,0,0,23,11,10,3,12,8,13,9,70,30
4/2/2017,Arsenal,Man City,D,2,2,1,2,8,14,3,5,8,15,3,8,62,38
4/2/2017,Swansea,Middlesbrough,D,0,0,0,0,15,8,3,1,9,16,11,3,61,39
4/4/2017,Burnley,Stoke,H,1,0,0,0,7,15,3,2,9,16,3,5,44,56
4/4/2017,Leicester,Sunderland,H,2,0,0,0,19,15,8,3,12,13,5,6,74,26
4/4/2017,Man United,Everton,D,1,1,0,1,18,11,3,4,10,18,6,5,40,60
4/4/2017,Watford,West Brom,H,2,0,1,0,9,18,2,2,11,14,5,6,66,34
4/5/2017,Arsenal,West Ham,H,3,0,0,0,21,7,8,2,11,5,5,0,43,57
4/5/2017,Chelsea,Man City,H,2,1,2,1,10,17,4,7,10,14,2,9,66,34
4/5/2017,Hull,Middlesbrough,H,4,2,3,2,17,12,5,4,13,12,8,4,47,53
4/5/2017,Liverpool,Bournemouth,D,2,2,1,1,20,7,8,2,11,8,7,2,52,48
4/5/2017,Southampton,Crystal Palace,H,3,1,1,1,25,17,9,3,16,11,11,11,44,56
4/5/2017,Swansea,Tottenham,A,1,3,1,0,4,18,1,8,7,8,5,7,51,49
4/8/2017,Bournemouth,Chelsea,A,1,3,1,2,12,15,1,5,7,11,4,4,51,49
4/8/2017,Man City,Hull,H,3,1,1,0,23,6,7,1,6,8,7,3,48,52
4/8/2017,Middlesbrough,Burnley,D,0,0,0,0,12,7,5,2,9,12,4,3,77,23
4/8/2017,Stoke,Liverpool,A,1,2,1,0,9,14,4,4,7,11,5,8,49,51
4/8/2017,Tottenham,Watford,H,4,0,3,0,19,8,6,2,12,12,7,5,45,55
4/8/2017,West Brom,Southampton,A,0,1,0,1,17,10,6,3,12,12,7,3,58,42
4/8/2017,West Ham,Swansea,H,1,0,1,0,14,4,6,1,12,12,4,3,38,62
4/9/2017,Everton,Leicester,H,4,2,3,2,12,6,7,4,8,15,4,6,54,46
4/9/2017,Sunderland,Man United,A,0,3,0,1,9,18,4,9,14,20,4,5,71,29
4/10/2017,Crystal Palace,Arsenal,H,3,0,1,0,17,11,6,3,11,10,5,8,31,69
4/15/2017,Crystal Palace,Leicester,D,2,2,0,1,15,6,4,2,10,16,8,5,79,21
4/15/2017,Everton,Burnley,H,3,1,0,0,29,13,7,6,15,14,6,7,35,65
4/15/2017,Southampton,Man City,A,0,3,0,0,8,18,1,5,9,8,3,8,33,67
4/15/2017,Stoke,Hull,H,3,1,1,0,14,14,4,3,12,5,3,7,51,49
4/15/2017,Sunderland,West Ham,D,2,2,1,1,14,7,4,3,14,10,8,1,54,46
4/15/2017,Tottenham,Bournemouth,H,4,0,2,0,24,5,14,1,8,10,13,1,36,64
4/15/2017,Watford,Swansea,H,1,0,1,0,15,13,7,4,8,13,6,2,70,30
4/16/2017,Man United,Chelsea,H,2,0,1,0,9,5,3,0,16,20,1,3,56,44
4/16/2017,West Brom,Liverpool,A,0,1,0,1,7,15,2,2,15,9,4,4,55,45
4/17/2017,Middlesbrough,Arsenal,A,1,2,0,1,13,12,5,4,11,16,2,4,53,47
4/22/2017,Bournemouth,Middlesbrough,H,4,0,2,0,20,5,10,2,4,14,4,3,21,79
4/22/2017,Hull,Watford,H,2,0,0,0,8,13,3,2,10,11,4,7,75,25
4/22/2017,Swansea,Stoke,H,2,0,1,0,10,9,6,3,5,14,11,4,30,70
4/22/2017,West Ham,Everton,D,0,0,0,0,15,4,3,0,9,15,8,4,71,29
4/23/2017,Burnley,Man United,A,0,2,0,2,8,12,0,6,17,16,3,3,58,42
4/23/2017,Liverpool,Crystal Palace,A,1,2,1,1,14,7,1,3,8,10,4,3,54,46
4/25/2017,Chelsea,Southampton,H,4,2,2,1,17,12,7,4,13,9,6,7,56,44
4/26/2017,Arsenal,Leicester,H,1,0,0,0,12,7,5,3,9,13,12,1,53,47
4/26/2017,Crystal Palace,Tottenham,A,0,1,0,0,6,18,1,4,13,15,2,11,55,45
4/26/2017,Middlesbrough,Sunderland,H,1,0,1,0,6,10,2,4,15,11,3,5,59,41
4/27/2017,Man City,Man United,D,0,0,0,0,19,3,6,1,10,8,7,4,44,56
4/29/2017,Crystal Palace,Burnley,A,0,2,0,1,15,9,5,3,11,12,14,4,43,57
4/29/2017,Southampton,Hull,D,0,0,0,0,11,9,2,1,9,13,6,6,51,49
4/29/2017,Stoke,West Ham,D,0,0,0,0,19,12,4,4,12,3,5,3,54,46
4/29/2017,Sunderland,Bournemouth,A,0,1,0,0,17,15,5,7,13,9,6,5,52,48
4/29/2017,West Brom,Leicester,A,0,1,0,1,16,6,4,1,14,9,5,6,40,60
4/30/2017,Everton,Chelsea,A,0,3,0,0,12,11,4,5,13,11,2,4,32,68
4/30/2017,Man United,Swansea,D,1,1,1,0,12,12,6,4,11,13,5,2,50,50
4/30/2017,Middlesbrough,Man City,D,2,2,1,0,14,22,6,4,9,9,4,11,79,21
4/30/2017,Tottenham,Arsenal,H,2,0,0,0,20,12,11,4,7,15,14,5,53,47
5/1/2017,Watford,Liverpool,A,0,1,0,1,9,12,2,8,11,9,3,5,44,56
5/5/2017,West Ham,Tottenham,H,1,0,0,0,13,11,5,5,8,9,3,7,64,36
5/6/2017,Bournemouth,Stoke,D,2,2,0,1,12,14,2,3,10,15,0,7,64,36
5/6/2017,Burnley,West Brom,D,2,2,0,0,14,11,4,3,9,14,5,8,57,43
5/6/2017,Hull,Sunderland,A,0,2,0,0,16,12,6,5,10,8,7,4,67,33
5/6/2017,Leicester,Watford,H,3,0,1,0,11,14,5,7,8,10,10,1,58,42
5/6/2017,Man City,Crystal Palace,H,5,0,1,0,26,5,12,2,12,8,9,3,55,45
5/6/2017,Swansea,Everton,H,1,0,1,0,9,8,4,2,5,13,9,5,71,29
5/7/2017,Arsenal,Man United,H,2,0,0,0,9,10,4,4,14,10,5,9,57,43
5/7/2017,Liverpool,Southampton,D,0,0,0,0,17,4,8,0,9,4,3,6,50,50
5/8/2017,Chelsea,Middlesbrough,H,3,0,2,0,21,2,7,1,8,21,8,1,53,47
5/10/2017,Southampton,Arsenal,A,0,2,0,0,14,11,3,4,5,5,8,5,22,78
5/12/2017,Everton,Watford,H,1,0,0,0,15,14,6,2,7,11,9,8,35,65
5/12/2017,West Brom,Chelsea,A,0,1,0,0,7,24,2,5,13,8,5,8,47,53
5/13/2017,Bournemouth,Burnley,H,2,1,1,0,18,14,6,3,6,11,7,1,59,41
5/13/2017,Man City,Leicester,H,2,1,2,1,17,9,5,4,12,16,9,3,57,43
5/13/2017,Middlesbrough,Southampton,A,1,2,0,1,14,14,3,4,19,11,6,3,61,39
5/13/2017,Stoke,Arsenal,A,1,4,0,1,10,10,4,6,13,7,7,6,55,45
5/13/2017,Sunderland,Swansea,A,0,2,0,2,13,3,4,3,13,6,8,4,45,55
5/14/2017,Crystal Palace,Hull,H,4,0,2,0,12,9,4,0,13,14,3,7,51,49
5/14/2017,Tottenham,Man United,H,2,1,1,0,14,8,7,2,14,15,8,3,25,75
5/14/2017,West Ham,Liverpool,A,0,4,0,1,10,26,3,11,5,10,4,6,35,65
5/15/2017,Chelsea,Watford,H,4,3,2,1,24,9,9,3,7,12,8,3,49,51
5/16/2017,Arsenal,Sunderland,H,2,0,0,0,36,6,13,2,15,10,17,3,42,58
5/16/2017,Man City,West Brom,H,3,1,2,0,21,5,10,2,8,11,7,1,40,60
5/17/2017,Southampton,Man United,D,0,0,0,0,17,11,6,1,7,10,7,3,51,49
5/18/2017,Leicester,Tottenham,A,1,6,0,2,12,26,5,12,11,8,4,4,59,41
5/21/2017,Arsenal,Everton,H,3,1,2,0,17,22,9,7,10,15,4,6,77,23
5/21/2017,Burnley,West Ham,A,1,2,1,1,9,14,1,4,11,14,2,5,61,39
5/21/2017,Chelsea,Sunderland,H,5,1,1,1,28,7,8,3,8,15,11,1,32,68
5/21/2017,Hull,Tottenham,A,1,7,0,3,10,19,4,14,14,5,2,3,53,47
5/21/2017,Leicester,Bournemouth,D,1,1,0,1,21,10,5,4,11,10,9,1,58,42
5/21/2017,Liverpool,Middlesbrough,H,3,0,1,0,25,9,10,3,13,8,3,3,71,29
5/21/2017,Man United,Crystal Palace,H,2,0,2,0,9,6,2,1,16,10,3,6,56,44
5/21/2017,Southampton,Stoke,A,0,1,0,0,14,14,6,3,12,10,4,10,44,56
5/21/2017,Swansea,West Brom,H,2,1,0,1,12,16,2,5,8,10,7,4,65,35
5/21/2017,Watford,Man City,A,0,5,0,4,6,15,3,9,12,10,4,5,42,58
8/11/2017,Arsenal,Leicester,H,4,3,2,2,27,6,10,3,9,12,9,4,62,38
8/12/2017,Brighton,Man City,A,0,2,0,0,6,14,2,4,6,9,3,10,56,44
8/12/2017,Chelsea,Burnley,A,2,3,0,3,19,10,6,5,16,11,8,5,44,56
8/12/2017,Crystal Palace,Huddersfield,A,0,3,0,2,14,8,4,6,7,19,12,9,40,60
8/12/2017,Everton,Stoke,H,1,0,1,0,9,9,4,1,13,10,6,7,36,64
8/12/2017,Southampton,Swansea,D,0,0,0,0,29,4,2,0,10,13,13,0,60,40
8/12/2017,Watford,Liverpool,D,3,3,2,1,9,14,4,5,14,8,3,3,63,37
8/12/2017,West Brom,Bournemouth,H,1,0,1,0,16,9,6,2,15,3,8,2,42,58
8/13/2017,Man United,West Ham,H,4,0,1,0,22,9,6,1,19,7,11,1,48,52
8/13/2017,Newcastle,Tottenham,A,0,2,0,0,6,18,3,6,6,10,5,7,57,43
8/19/2017,Bournemouth,Watford,A,0,2,0,0,6,19,2,7,6,14,8,5,53,47
8/19/2017,Burnley,West Brom,A,0,1,0,0,20,8,0,1,11,11,5,5,81,19
8/19/2017,Leicester,Brighton,H,2,0,1,0,14,5,4,2,8,10,6,2,48,52
8/19/2017,Liverpool,Crystal Palace,H,1,0,0,0,23,4,13,1,12,13,4,2,48,52
8/19/2017,Southampton,West Ham,H,3,2,2,1,14,16,5,8,18,10,7,2,41,59
8/19/2017,Stoke,Arsenal,H,1,0,0,0,11,18,4,6,6,11,2,9,28,72
8/19/2017,Swansea,Man United,A,0,4,0,1,6,17,1,8,12,11,3,5,25,75
8/20/2017,Huddersfield,Newcastle,H,1,0,0,0,7,13,3,5,13,10,7,3,26,74
8/20/2017,Tottenham,Chelsea,A,1,2,0,1,18,9,6,2,14,21,14,3,40,60
8/21/2017,Man City,Everton,D,1,1,0,1,19,7,6,2,7,9,7,1,66,34
8/26/2017,Bournemouth,Man City,A,1,2,1,1,9,19,3,8,13,14,2,5,44,66
8/26/2017,Crystal Palace,Swansea,A,0,2,0,1,16,7,3,3,9,6,1,1,74,26
8/26/2017,Huddersfield,Southampton,D,0,0,0,0,16,6,6,3,10,10,5,4,53,47
8/26/2017,Man United,Leicester,H,2,0,0,0,22,11,7,4,8,7,9,3,66,34
8/26/2017,Newcastle,West Ham,H,3,0,1,0,16,8,8,3,17,11,7,5,48,52
8/26/2017,Watford,Brighton,D,0,0,0,0,8,16,0,2,7,18,3,11,53,47
8/27/2017,Chelsea,Everton,H,2,0,2,0,18,7,7,0,12,7,6,3,58,42
8/27/2017,Liverpool,Arsenal,H,4,0,2,0,18,8,10,0,6,9,4,3,57,43
8/27/2017,Tottenham,Burnley,D,1,1,0,0,28,13,5,3,9,9,10,7,54,46
8/27/2017,West Brom,Stoke,D,1,1,0,0,10,16,2,2,10,9,10,4,29,71
9/9/2017,Arsenal,Bournemouth,H,3,0,2,0,15,6,8,1,14,8,8,2,40,60
9/9/2017,Brighton,West Brom,H,3,1,1,0,12,12,6,3,9,4,2,6,74,26
9/9/2017,Everton,Tottenham,A,0,3,0,2,12,15,1,6,14,14,7,3,39,61
9/9/2017,Leicester,Chelsea,A,1,2,0,1,8,16,2,6,11,8,2,9,54,46
9/9/2017,Man City,Liverpool,H,5,0,2,0,13,10,7,3,10,9,8,3,34,66
9/9/2017,Southampton,Watford,A,0,2,0,1,9,12,1,3,8,11,7,4,45,55
9/9/2017,Stoke,Man United,D,2,2,1,1,10,18,5,8,10,10,5,11,50,50
9/10/2017,Burnley,Crystal Palace,H,1,0,1,0,4,23,2,5,7,14,3,13,71,29
9/10/2017,Swansea,Newcastle,A,0,1,0,0,10,16,4,8,11,15,7,5,57,43
9/11/2017,West Ham,Huddersfield,H,2,0,0,0,19,10,3,2,11,14,10,3,57,43
9/15/2017,Bournemouth,Brighton,H,2,1,0,0,15,9,3,2,5,12,6,4,50,50
9/16/2017,Crystal Palace,Southampton,A,0,1,0,1,14,13,3,4,14,13,5,5,36,64
9/16/2017,Huddersfield,Leicester,D,1,1,0,0,15,10,3,1,6,6,8,4,51,49
9/16/2017,Liverpool,Burnley,D,1,1,1,1,35,5,9,4,7,9,12,2,36,64
9/16/2017,Newcastle,Stoke,H,2,1,1,0,14,13,3,4,13,11,7,5,52,48
9/16/2017,Tottenham,Swansea,D,0,0,0,0,26,4,8,0,11,9,11,1,57,43
9/16/2017,Watford,Man City,A,0,6,0,3,7,28,1,10,8,6,3,11,66,34
9/16/2017,West Brom,West Ham,D,0,0,0,0,6,9,1,1,15,7,2,3,48,52
9/17/2017,Chelsea,Arsenal,D,0,0,0,0,13,11,4,2,11,15,5,1,50,50
9/17/2017,Man United,Everton,H,4,0,1,0,16,7,7,3,15,14,4,1,66,34
9/23/2017,Burnley,Huddersfield,D,0,0,0,0,5,9,3,2,9,13,3,4,68,32
9/23/2017,Everton,Bournemouth,H,2,1,0,0,12,8,4,4,12,11,4,6,54,46
9/23/2017,Leicester,Liverpool,A,2,3,1,2,12,23,7,6,13,14,3,6,53,47
9/23/2017,Man City,Crystal Palace,H,5,0,1,0,25,5,9,0,6,7,8,2,24,76
9/23/2017,Southampton,Man United,A,0,1,0,1,14,9,4,4,12,9,8,4,44,56
9/23/2017,Stoke,Chelsea,A,0,4,0,2,13,7,2,4,5,14,5,0,46,54
9/23/2017,Swansea,Watford,A,1,2,0,1,10,8,3,4,9,16,5,4,55,45
9/23/2017,West Ham,Tottenham,A,2,3,0,2,10,15,4,5,10,20,4,3,55,45
9/24/2017,Brighton,Newcastle,H,1,0,0,0,7,17,3,5,6,8,2,8,71,29
9/25/2017,Arsenal,West Brom,H,2,0,1,0,16,7,6,3,8,17,7,4,65,35
9/30/2017,Bournemouth,Leicester,D,0,0,0,0,19,8,4,1,6,10,7,5,45,55
9/30/2017,Chelsea,Man City,A,0,1,0,0,4,17,2,6,8,13,4,8,75,25
9/30/2017,Huddersfield,Tottenham,A,0,4,0,3,6,14,1,7,7,4,4,7,53,47
9/30/2017,Man United,Crystal Palace,H,4,0,2,0,18,6,7,1,6,9,6,5,55,45
9/30/2017,Stoke,Southampton,H,2,1,1,0,17,21,6,3,11,10,5,6,71,29
9/30/2017,West Brom,Watford,D,2,2,2,1,9,15,4,3,12,11,7,6,30,70
9/30/2017,West Ham,Swansea,H,1,0,0,0,9,6,4,1,15,13,2,1,62,38
10/1/2017,Arsenal,Brighton,H,2,0,1,0,25,9,12,1,7,8,6,5,59,41
10/1/2017,Everton,Burnley,A,0,1,0,1,23,5,4,2,14,7,9,3,81,19
10/1/2017,Newcastle,Liverpool,D,1,1,1,1,8,17,5,2,11,6,1,5,32,68
10/14/2017,Burnley,West Ham,D,1,1,0,1,20,8,5,6,11,14,7,4,37,63
10/14/2017,Crystal Palace,Chelsea,H,2,1,2,1,14,15,5,5,7,6,5,8,44,56
10/14/2017,Liverpool,Man United,D,0,0,0,0,19,6,5,1,7,13,7,3,52,48
10/14/2017,Man City,Stoke,H,7,2,3,1,20,5,11,1,5,8,5,0,60,40
10/14/2017,Swansea,Huddersfield,H,2,0,1,0,7,7,3,2,12,16,5,3,37,63
10/14/2017,Tottenham,Bournemouth,H,1,0,0,0,18,5,6,1,9,7,9,5,23,77
10/14/2017,Watford,Arsenal,H,2,1,0,1,11,9,2,6,8,10,2,5,61,39
10/15/2017,Brighton,Everton,D,1,1,0,0,12,13,3,6,12,10,7,1,55,45
10/15/2017,Southampton,Newcastle,D,2,2,0,1,12,19,2,5,11,12,3,8,58,42
10/16/2017,Leicester,West Brom,D,1,1,0,0,11,5,3,1,13,6,4,1,43,57
10/20/2017,West Ham,Brighton,A,0,3,0,2,16,7,2,5,5,13,10,3,46,54
10/21/2017,Chelsea,Watford,H,4,2,1,1,14,16,8,5,13,16,6,6,32,68
10/21/2017,Huddersfield,Man United,H,2,1,2,0,5,9,3,3,10,12,4,7,18,82
10/21/2017,Man City,Burnley,H,3,0,1,0,15,6,10,0,10,6,4,5,67,33
10/21/2017,Newcastle,Crystal Palace,H,1,0,0,0,7,10,3,0,12,14,3,5,63,37
10/21/2017,Southampton,West Brom,H,1,0,0,0,20,7,6,2,10,8,8,3,50,50
10/21/2017,Stoke,Bournemouth,A,1,2,0,2,10,7,2,3,17,10,8,3,47,53
10/21/2017,Swansea,Leicester,A,1,2,0,1,19,11,4,6,6,9,7,6,48,52
10/22/2017,Everton,Arsenal,A,2,5,1,1,8,30,3,14,14,14,0,7,70,30
10/22/2017,Tottenham,Liverpool,H,4,1,3,1,14,12,6,7,2,8,3,5,49,51
10/28/2017,Arsenal,Swansea,H,2,1,0,1,17,4,5,2,9,9,5,2,53,47
10/28/2017,Bournemouth,Chelsea,A,0,1,0,0,7,18,1,5,5,5,5,5,41,59
10/28/2017,Crystal Palace,West Ham,D,2,2,0,2,19,6,9,2,18,15,11,2,38,62
10/28/2017,Liverpool,Huddersfield,H,3,0,0,0,16,1,8,0,10,8,9,2,66,34
10/28/2017,Man United,Tottenham,H,1,0,0,0,11,13,3,4,12,14,6,3,65,35
10/28/2017,Watford,Stoke,A,0,1,0,1,13,6,0,2,10,9,8,1,33,67
10/28/2017,West Brom,Man City,A,2,3,1,2,6,15,4,5,10,7,1,2,61,39
10/29/2017,Brighton,Southampton,D,1,1,0,1,7,6,2,1,9,10,2,7,52,48
10/29/2017,Leicester,Everton,H,2,0,2,0,9,16,3,2,6,10,3,10,65,35
10/30/2017,Burnley,Newcastle,H,1,0,0,0,12,12,5,5,9,10,5,3,60,40
11/4/2017,Huddersfield,West Brom,H,1,0,1,0,7,9,3,3,8,15,3,5,39,61
11/4/2017,Newcastle,Bournemouth,A,0,1,0,0,16,16,4,6,11,12,11,9,50,50
11/4/2017,Southampton,Burnley,A,0,1,0,0,13,5,3,1,4,4,9,1,49,51
11/4/2017,Stoke,Leicester,D,2,2,1,1,11,14,7,4,12,8,4,10,62,38
11/4/2017,Swansea,Brighton,A,0,1,0,1,12,5,2,2,13,12,8,7,42,58
11/4/2017,West Ham,Liverpool,A,1,4,0,2,6,15,1,7,9,13,2,3,51,49
11/5/2017,Chelsea,Man United,H,1,0,0,0,18,10,8,2,16,20,4,7,48,52
11/5/2017,Everton,Watford,H,3,2,0,0,10,11,5,3,14,12,2,5,70,30
11/5/2017,Man City,Arsenal,H,3,1,1,0,9,6,5,3,15,15,5,5,28,72
11/5/2017,Tottenham,Crystal Palace,H,1,0,0,0,12,11,2,3,6,7,10,9,63,37
11/18/2017,Arsenal,Tottenham,H,2,0,2,0,14,14,5,4,11,16,7,4,36,64
11/18/2017,Bournemouth,Huddersfield,H,4,0,2,0,11,20,5,3,13,10,8,11,44,56
11/18/2017,Burnley,Swansea,H,2,0,2,0,16,13,7,1,12,12,8,6,39,61
11/18/2017,Crystal Palace,Everton,D,2,2,2,2,16,8,7,5,9,26,9,4,54,46
11/18/2017,Leicester,Man City,A,0,2,0,1,2,12,0,4,8,10,1,7,52,48
11/18/2017,Liverpool,Southampton,H,3,0,2,0,21,5,8,0,15,9,10,2,38,62
11/18/2017,Man United,Newcastle,H,4,1,2,1,16,12,7,5,10,9,11,4,68,32
11/18/2017,West Brom,Chelsea,A,0,4,0,3,7,11,2,7,13,12,3,4,83,17
11/19/2017,Watford,West Ham,H,2,0,1,0,17,10,7,6,13,10,3,1,43,57
11/20/2017,Brighton,Stoke,D,2,2,1,2,9,13,3,6,13,5,6,7,57,43
11/24/2017,West Ham,Leicester,D,1,1,1,1,8,7,4,2,9,12,5,5,44,56
11/25/2017,Crystal Palace,Stoke,H,2,1,0,0,10,9,5,3,9,5,5,2,51,49
11/25/2017,Liverpool,Chelsea,D,1,1,0,0,16,11,4,3,10,7,7,8,54,46
11/25/2017,Man United,Brighton,H,1,0,0,0,15,8,4,2,9,9,5,0,72,28
11/25/2017,Newcastle,Watford,A,0,3,0,2,12,12,2,4,8,13,6,3,64,36
11/25/2017,Swansea,Bournemouth,D,0,0,0,0,10,9,1,5,18,6,4,5,40,60
11/25/2017,Tottenham,West Brom,D,1,1,0,1,24,5,5,2,10,13,8,0,51,49
11/26/2017,Burnley,Arsenal,A,0,1,0,0,8,17,2,2,8,14,5,5,59,41
11/26/2017,Huddersfield,Man City,A,1,2,1,0,4,14,0,5,10,10,3,7,25,75
11/26/2017,Southampton,Everton,H,4,1,1,1,17,5,5,2,6,13,7,2,62,38
11/28/2017,Brighton,Crystal Palace,D,0,0,0,0,10,10,4,4,13,8,10,5,32,68
11/28/2017,Leicester,Tottenham,H,2,1,2,0,7,18,4,6,7,10,4,9,45,55
11/28/2017,Watford,Man United,A,2,4,0,3,12,15,3,7,12,10,5,5,54,46
11/28/2017,West Brom,Newcastle,D,2,2,1,0,8,14,4,4,13,12,1,6,54,46
11/29/2017,Arsenal,Huddersfield,H,5,0,1,0,21,7,7,2,10,12,7,2,41,59
11/29/2017,Bournemouth,Burnley,A,1,2,0,1,10,10,2,4,9,11,4,6,39,61
11/29/2017,Chelsea,Swansea,H,1,0,0,0,21,2,10,0,10,7,15,1,26,74
11/29/2017,Everton,West Ham,H,4,0,2,0,8,7,5,3,16,6,2,6,26,74
11/29/2017,Man City,Southampton,H,2,1,0,0,26,7,12,2,12,11,6,5,32,68
11/29/2017,Stoke,Liverpool,A,0,3,0,1,10,14,1,7,8,10,5,9,79,21
12/2/2017,Arsenal,Man United,A,1,3,0,2,33,8,15,4,11,10,12,1,53,47
12/2/2017,Brighton,Liverpool,A,1,5,0,2,6,12,2,6,8,7,2,2,78,22
12/2/2017,Chelsea,Newcastle,H,3,1,2,1,23,8,9,2,8,13,11,4,40,60
12/2/2017,Everton,Huddersfield,H,2,0,0,0,6,5,4,3,12,9,2,5,74,26
12/2/2017,Leicester,Burnley,H,1,0,1,0,16,14,3,4,3,11,10,7,63,37
12/2/2017,Stoke,Swansea,H,2,1,2,1,10,10,3,3,12,10,2,6,44,56
12/2/2017,Watford,Tottenham,D,1,1,1,1,6,8,2,2,16,8,7,2,51,49
12/2/2017,West Brom,Crystal Palace,D,0,0,0,0,20,10,6,2,11,10,3,7,59,41
12/3/2017,Bournemouth,Southampton,D,1,1,1,0,16,15,5,4,6,12,5,4,45,55
12/3/2017,Man City,West Ham,H,2,1,0,1,24,7,8,4,5,7,10,4,72,28
12/9/2017,Burnley,Watford,H,1,0,1,0,8,11,5,2,10,12,3,5,51,49
12/9/2017,Crystal Palace,Bournemouth,D,2,2,2,2,24,11,8,5,14,14,6,3,42,58
12/9/2017,Huddersfield,Brighton,H,2,0,2,0,19,7,6,2,6,10,8,1,30,70
12/9/2017,Newcastle,Leicester,A,2,3,1,1,10,13,4,5,10,9,6,5,58,42
12/9/2017,Swansea,West Brom,H,1,0,0,0,18,7,3,1,8,18,6,3,64,36
12/9/2017,Tottenham,Stoke,H,5,1,1,0,20,4,11,3,12,9,12,6,57,43
12/9/2017,West Ham,Chelsea,H,1,0,1,0,5,19,2,2,10,10,4,3,46,54
12/10/2017,Liverpool,Everton,D,1,1,1,0,23,3,3,2,8,11,12,1,63,37
12/10/2017,Man United,Man City,A,1,2,1,1,8,14,5,7,16,10,2,8,66,34
12/10/2017,Southampton,Arsenal,D,1,1,1,0,6,11,3,6,12,10,4,5,37,63
12/12/2017,Burnley,Stoke,H,1,0,0,0,10,14,2,7,6,14,6,4,40,60
12/12/2017,Crystal Palace,Watford,H,2,1,0,1,14,7,4,2,14,18,4,6,53,47
12/12/2017,Huddersfield,Chelsea,A,1,3,0,2,7,12,2,5,11,4,1,3,57,43
12/13/2017,Liverpool,West Brom,D,0,0,0,0,14,6,5,1,16,6,5,7,42,58
12/13/2017,Man United,Bournemouth,H,1,0,1,0,9,14,2,7,14,12,4,9,65,35
12/13/2017,Newcastle,Everton,A,0,1,0,1,16,7,4,4,10,11,4,1,48,52
12/13/2017,Southampton,Leicester,A,1,4,0,3,12,16,4,11,13,9,9,9,51,49
12/13/2017,Swansea,Man City,A,0,4,0,2,7,23,3,10,12,6,2,5,62,38
12/13/2017,Tottenham,Brighton,H,2,0,1,0,25,7,8,4,5,10,10,2,58,42
12/13/2017,West Ham,Arsenal,D,0,0,0,0,6,22,0,3,9,9,1,7,43,57
12/16/2017,Arsenal,Newcastle,H,1,0,1,0,23,10,5,2,13,9,7,5,60,40
12/16/2017,Brighton,Burnley,D,0,0,0,0,12,11,2,6,13,13,8,2,61,39
12/16/2017,Chelsea,Southampton,H,1,0,1,0,24,6,8,2,8,16,8,4,77,23
12/16/2017,Leicester,Crystal Palace,A,0,3,0,2,11,13,2,6,12,13,6,4,58,42
12/16/2017,Man City,Tottenham,H,4,1,1,0,20,7,11,2,13,20,5,1,77,23
12/16/2017,Stoke,West Ham,A,0,3,0,1,17,14,0,7,12,13,7,9,37,63
12/16/2017,Watford,Huddersfield,A,1,4,0,2,13,15,3,9,12,17,8,7,62,38
12/17/2017,Bournemouth,Liverpool,A,0,4,0,3,6,21,2,7,5,10,2,3,50,50
12/17/2017,West Brom,Man United,A,1,2,0,2,12,8,5,3,14,7,6,3,58,42
12/18/2017,Everton,Swansea,H,3,1,1,1,12,8,7,3,12,12,6,3,70,30
12/22/2017,Arsenal,Liverpool,D,3,3,0,1,11,14,4,9,9,11,7,8,58,42
12/23/2017,Brighton,Watford,H,1,0,0,0,14,13,3,1,8,11,6,4,29,71
12/23/2017,Burnley,Tottenham,A,0,3,0,1,5,18,2,8,10,10,4,4,64,36
12/23/2017,Everton,Chelsea,D,0,0,0,0,5,25,0,8,8,4,2,7,19,81
12/23/2017,Leicester,Man United,D,2,2,1,1,11,19,3,6,19,8,4,6,44,56
12/23/2017,Man City,Bournemouth,H,4,0,1,0,14,5,5,1,8,7,4,6,57,43
12/23/2017,Southampton,Huddersfield,D,1,1,1,0,12,10,6,3,16,9,9,1,41,59
12/23/2017,Stoke,West Brom,H,3,1,2,0,9,17,5,7,9,11,1,11,73,27
12/23/2017,Swansea,Crystal Palace,D,1,1,0,0,7,13,2,5,13,11,6,3,51,49
12/23/2017,West Ham,Newcastle,A,2,3,1,1,19,11,6,4,9,12,6,3,58,42
12/26/2017,Bournemouth,West Ham,D,3,3,1,1,26,10,10,5,12,14,7,4,51,49
12/26/2017,Chelsea,Brighton,H,2,0,0,0,25,8,8,1,8,8,13,1,78,22
12/26/2017,Huddersfield,Stoke,D,1,1,1,0,18,15,8,7,9,12,8,5,48,52
12/26/2017,Liverpool,Swansea,H,5,0,1,0,22,7,9,4,5,8,4,2,47,53
12/26/2017,Man United,Burnley,D,2,2,0,2,23,3,6,2,10,14,12,2,28,72
12/26/2017,Tottenham,Southampton,H,5,2,2,0,16,16,7,6,8,15,3,8,34,66
12/26/2017,Watford,Leicester,H,2,1,1,1,11,11,1,5,7,13,8,8,47,53
12/26/2017,West Brom,Everton,D,0,0,0,0,17,7,3,3,14,13,10,2,77,23
12/27/2017,Newcastle,Man City,A,0,1,0,1,6,22,2,6,11,6,3,8,58,42
12/28/2017,Crystal Palace,Arsenal,A,2,3,0,1,16,16,2,9,12,7,5,4,65,35
12/30/2017,Bournemouth,Everton,H,2,1,1,0,19,6,7,1,8,13,4,4,36,64
12/30/2017,Chelsea,Stoke,H,5,0,3,0,21,1,12,1,5,10,7,0,60,40
12/30/2017,Huddersfield,Burnley,D,0,0,0,0,3,11,1,4,14,14,5,4,43,57
12/30/2017,Liverpool,Leicester,H,2,1,0,1,17,7,6,1,7,3,7,1,56,44
12/30/2017,Man United,Southampton,D,0,0,0,0,15,8,3,3,12,13,10,7,59,41
12/30/2017,Newcastle,Brighton,D,0,0,0,0,11,10,2,3,11,10,3,6,51,49
12/30/2017,Watford,Swansea,A,1,2,1,0,9,9,4,4,14,13,1,8,29,71
12/31/2017,Crystal Palace,Man City,D,0,0,0,0,10,15,1,4,14,11,7,8,38,62
12/31/2017,West Brom,Arsenal,D,1,1,0,0,14,14,3,4,14,9,5,6,21,79
1/1/2018,Brighton,Bournemouth,D,2,2,1,1,15,26,6,8,13,9,5,12,62,38
1/1/2018,Burnley,Liverpool,A,1,2,0,0,13,19,4,5,4,12,3,9,61,39
1/1/2018,Everton,Man United,A,0,2,0,0,12,21,0,6,11,10,6,6,62,38
1/1/2018,Leicester,Huddersfield,H,3,0,0,0,11,6,5,1,7,9,4,1,61,39
1/1/2018,Stoke,Newcastle,A,0,1,0,0,11,14,4,6,10,11,10,5,65,35
1/2/2018,Man City,Watford,H,3,1,2,0,17,7,7,4,8,12,9,1,63,37
1/2/2018,Southampton,Crystal Palace,A,1,2,1,0,10,11,3,4,8,11,4,7,28,72
1/2/2018,Swansea,Tottenham,A,0,2,0,1,8,12,1,5,12,9,6,5,64,36
1/2/2018,West Ham,West Brom,H,2,1,0,1,13,10,5,3,12,12,3,4,47,53
1/3/2018,Arsenal,Chelsea,D,2,2,0,0,14,19,6,6,11,11,10,8,51,49
1/4/2018,Tottenham,West Ham,D,1,1,0,0,31,3,8,1,10,6,7,1,53,47
1/13/2018,Chelsea,Leicester,D,0,0,0,0,17,14,7,1,14,13,6,3,80,20
1/13/2018,Crystal Palace,Burnley,H,1,0,1,0,17,8,2,2,16,10,3,2,41,59
1/13/2018,Huddersfield,West Ham,A,1,4,1,1,8,8,2,6,7,9,7,3,49,51
1/13/2018,Newcastle,Swansea,D,1,1,0,0,12,8,4,5,11,10,4,5,49,51
1/13/2018,Tottenham,Everton,H,4,0,1,0,20,7,10,0,11,15,3,3,54,46
1/13/2018,Watford,Southampton,D,2,2,0,2,16,10,4,4,11,13,5,4,45,55
1/13/2018,West Brom,Brighton,H,2,0,1,0,15,13,4,1,8,15,9,6,64,36
1/14/2018,Bournemouth,Arsenal,H,2,1,0,0,13,12,5,3,8,10,4,5,51,49
1/14/2018,Liverpool,Man City,H,4,3,1,1,16,11,7,4,10,7,5,6,69,31
1/15/2018,Man United,Stoke,H,3,0,2,0,20,11,9,5,14,10,6,1,51,49
1/20/2018,Arsenal,Crystal Palace,H,4,1,4,0,16,9,10,5,6,8,5,10,73,27
1/20/2018,Brighton,Chelsea,A,0,4,0,2,10,14,3,10,12,5,5,3,76,24
1/20/2018,Burnley,Man United,A,0,1,0,0,13,12,2,2,7,12,5,4,47,53
1/20/2018,Everton,West Brom,D,1,1,0,1,9,15,4,5,15,10,0,3,49,51
1/20/2018,Leicester,Watford,H,2,0,1,0,9,11,5,3,11,10,4,5,49,51
1/20/2018,Man City,Newcastle,H,3,1,1,0,21,6,9,4,5,10,18,0,35,65
1/20/2018,Stoke,Huddersfield,H,2,0,0,0,11,6,6,3,18,13,3,2,57,43
1/20/2018,West Ham,Bournemouth,D,1,1,0,0,12,8,4,3,8,7,6,3,40,60
1/21/2018,Southampton,Tottenham,D,1,1,1,1,10,17,4,2,8,15,2,9,62,38
1/22/2018,Swansea,Liverpool,H,1,0,1,0,3,21,2,4,5,9,3,9,48,52
1/30/2018,Huddersfield,Liverpool,A,0,3,0,2,5,14,1,7,8,8,1,4,69,31
1/30/2018,Swansea,Arsenal,H,3,1,1,1,12,9,4,4,4,8,4,3,68,32
1/30/2018,West Ham,Crystal Palace,D,1,1,1,1,8,9,3,3,11,15,5,3,44,56
1/31/2018,Chelsea,Bournemouth,A,0,3,0,0,21,11,5,5,5,12,8,5,45,55
1/31/2018,Everton,Leicester,H,2,1,2,0,9,8,4,1,9,10,5,5,60,40
1/31/2018,Man City,West Brom,H,3,0,1,0,19,3,10,1,10,10,9,1,69,31
1/31/2018,Newcastle,Burnley,D,1,1,0,0,14,11,4,2,15,15,7,4,40,60
1/31/2018,Southampton,Brighton,D,1,1,0,1,18,9,3,2,8,10,7,2,52,48
1/31/2018,Stoke,Watford,D,0,0,0,0,11,12,4,2,12,12,2,6,64,36
1/31/2018,Tottenham,Man United,H,2,0,2,0,22,6,6,3,10,13,6,3,80,20
2/3/2018,Arsenal,Everton,H,5,1,4,0,15,11,7,2,8,8,4,6,50,50
2/3/2018,Bournemouth,Stoke,H,2,1,0,1,15,13,8,4,14,19,8,1,48,52
2/3/2018,Brighton,West Ham,H,3,1,1,1,21,4,5,1,11,7,4,1,30,70
2/3/2018,Burnley,Man City,D,1,1,0,1,8,20,3,7,9,6,3,13,42,58
2/3/2018,Leicester,Swansea,D,1,1,1,0,13,3,5,1,9,8,3,3,54,46
2/3/2018,Man United,Huddersfield,H,2,0,0,0,16,4,7,0,5,19,5,2,48,52
2/3/2018,West Brom,Southampton,A,2,3,1,2,9,13,3,5,12,10,5,7,62,38
2/4/2018,Crystal Palace,Newcastle,D,1,1,0,1,21,11,6,8,11,8,5,6,49,51
2/4/2018,Liverpool,Tottenham,D,2,2,1,0,9,13,3,6,15,9,3,7,40,60
2/5/2018,Watford,Chelsea,H,4,1,1,0,21,7,8,3,11,8,6,2,62,38
2/10/2018,Everton,Crystal Palace,H,3,1,0,0,11,16,5,4,14,15,8,7,42,58
2/10/2018,Man City,Leicester,H,5,1,1,1,19,2,11,2,10,12,8,2,63,37
2/10/2018,Stoke,Brighton,D,1,1,0,1,15,14,3,6,6,10,7,4,49,51
2/10/2018,Swansea,Burnley,H,1,0,0,0,12,13,4,1,10,9,5,2,74,26
2/10/2018,Tottenham,Arsenal,H,1,0,0,0,18,6,6,1,13,9,10,2,67,33
2/10/2018,West Ham,Watford,H,2,0,1,0,8,11,4,4,11,7,8,7,45,55
2/11/2018,Huddersfield,Bournemouth,H,4,1,2,1,15,7,4,2,12,12,2,6,61,39
2/11/2018,Newcastle,Man United,H,1,0,0,0,10,13,3,6,12,15,0,10,35,65
2/11/2018,Southampton,Liverpool,A,0,2,0,2,6,16,4,4,5,8,3,1,44,56
2/12/2018,Chelsea,West Brom,H,3,0,1,0,20,8,8,1,11,11,8,7,63,37
2/24/2018,Bournemouth,Newcastle,D,2,2,0,2,18,15,5,4,12,10,8,1,39,61
2/24/2018,Brighton,Swansea,H,4,1,1,0,16,11,5,1,17,6,3,5,42,58
2/24/2018,Burnley,Southampton,D,1,1,0,0,9,13,3,6,8,14,7,5,72,28
2/24/2018,Leicester,Stoke,D,1,1,0,1,19,6,9,2,10,16,13,1,69,31
2/24/2018,Liverpool,West Ham,H,4,1,1,0,21,7,12,4,7,7,8,2,73,27
2/24/2018,Watford,Everton,H,1,0,0,0,13,7,5,2,10,9,6,5,65,35
2/24/2018,West Brom,Huddersfield,A,1,2,0,0,10,16,3,7,11,9,6,3,53,47
2/25/2018,Crystal Palace,Tottenham,A,0,1,0,0,5,14,3,4,12,5,2,13,24,76
2/25/2018,Man United,Chelsea,H,2,1,1,1,10,14,5,7,13,12,3,4,44,56
3/1/2018,Arsenal,Man City,A,0,3,0,3,10,9,5,5,11,11,6,1,46,54
3/3/2018,Burnley,Everton,H,2,1,0,1,21,10,8,4,9,12,10,4,55,45
3/3/2018,Leicester,Bournemouth,D,1,1,0,1,23,8,4,3,11,7,13,1,55,45
3/3/2018,Liverpool,Newcastle,H,2,0,1,0,14,7,3,2,7,9,8,3,71,29
3/3/2018,Southampton,Stoke,D,0,0,0,0,18,12,6,3,8,13,15,4,65,35
3/3/2018,Swansea,West Ham,H,4,1,2,0,9,7,8,2,9,14,4,5,45,55
3/3/2018,Tottenham,Huddersfield,H,2,0,1,0,15,3,7,3,6,8,8,1,75,25
3/3/2018,Watford,West Brom,H,1,0,0,0,15,9,4,2,11,12,4,6,53,47
3/4/2018,Brighton,Arsenal,H,2,1,2,1,13,15,6,7,13,12,6,11,55,45
3/4/2018,Man City,Chelsea,H,1,0,0,0,13,3,3,0,8,9,5,2,71,29
3/5/2018,Crystal Palace,Man United,A,2,3,1,0,10,17,4,8,10,8,3,7,30,70
3/10/2018,Chelsea,Crystal Palace,H,2,1,2,0,27,9,11,2,8,9,12,3,62,38
3/10/2018,Everton,Brighton,H,2,0,0,0,13,10,3,4,10,14,10,3,59,41
3/10/2018,Huddersfield,Swansea,D,0,0,0,0,30,0,4,0,9,9,12,0,81,19
3/10/2018,Man United,Liverpool,H,2,1,2,0,5,14,2,2,10,16,1,13,32,68
3/10/2018,Newcastle,Southampton,H,3,0,2,0,7,6,5,2,10,10,2,6,37,63
3/10/2018,West Brom,Leicester,A,1,4,1,1,6,14,2,6,6,7,7,6,44,56
3/10/2018,West Ham,Burnley,A,0,3,0,0,13,7,4,4,13,7,5,1,52,48
3/11/2018,Arsenal,Watford,H,3,0,1,0,11,11,7,4,12,9,4,9,60,40
3/11/2018,Bournemouth,Tottenham,A,1,4,1,1,14,12,3,8,10,7,4,5,37,63
3/12/2018,Stoke,Man City,A,0,2,0,1,3,17,0,6,6,8,3,10,23,77
3/17/2018,Bournemouth,West Brom,H,2,1,0,0,17,11,5,6,6,9,3,2,61,39
3/17/2018,Huddersfield,Crystal Palace,A,0,2,0,1,6,17,2,6,11,12,4,7,55,45
3/17/2018,Liverpool,Watford,H,5,0,2,0,13,4,10,1,5,4,6,1,58,42
3/17/2018,Stoke,Everton,A,1,2,0,0,9,17,4,9,13,12,1,9,43,57
3/31/2018,Brighton,Leicester,A,0,2,0,0,15,6,3,4,11,13,6,1,46,54
3/31/2018,Crystal Palace,Liverpool,A,1,2,1,0,6,16,3,6,6,8,4,6,32,68
3/31/2018,Everton,Man City,A,1,3,0,3,6,18,2,4,10,8,2,11,18,82
3/31/2018,Man United,Swansea,H,2,0,2,0,11,3,5,2,5,13,3,3,67,33
3/31/2018,Newcastle,Huddersfield,H,1,0,0,0,18,4,3,0,9,10,3,3,63,37
3/31/2018,Watford,Bournemouth,D,2,2,1,1,16,13,5,6,16,6,7,4,50,50
3/31/2018,West Brom,Burnley,A,1,2,0,1,8,11,3,4,12,9,1,6,47,53
3/31/2018,West Ham,Southampton,H,3,0,3,0,13,9,5,0,9,16,5,9,48,52
4/1/2018,Arsenal,Stoke,H,3,0,0,0,24,8,11,2,9,13,6,5,70,30
4/1/2018,Chelsea,Tottenham,A,1,3,1,1,14,12,4,7,4,11,5,5,49,51
4/7/2018,Bournemouth,Crystal Palace,D,2,2,0,0,20,13,5,6,8,9,11,3,53,47
4/7/2018,Brighton,Huddersfield,D,1,1,1,1,13,14,4,5,13,7,5,3,41,59
4/7/2018,Everton,Liverpool,D,0,0,0,0,6,10,1,3,12,7,3,2,38,62
4/7/2018,Leicester,Newcastle,A,1,2,0,1,8,8,1,4,7,14,7,5,66,34
4/7/2018,Man City,Man United,A,2,3,2,0,20,5,6,4,17,9,8,4,65,35
4/7/2018,Stoke,Tottenham,A,1,2,0,0,10,15,4,4,19,8,6,3,33,67
4/7/2018,Watford,Burnley,A,1,2,0,0,14,7,5,4,18,12,11,1,61,39
4/7/2018,West Brom,Swansea,D,1,1,0,0,15,7,3,1,15,5,5,1,52,48
4/8/2018,Arsenal,Southampton,H,3,2,2,1,13,15,7,8,11,7,8,6,65,35
4/8/2018,Chelsea,West Ham,D,1,1,1,0,23,5,6,2,7,11,10,6,60,40
4/14/2018,Burnley,Leicester,H,2,1,2,0,8,15,3,6,9,10,4,8,39,61
4/14/2018,Crystal Palace,Brighton,H,3,2,3,2,15,12,8,3,12,16,5,6,50,50
4/14/2018,Huddersfield,Watford,H,1,0,0,0,9,4,1,2,9,8,9,6,49,51
4/14/2018,Liverpool,Bournemouth,H,3,0,1,0,20,6,7,1,9,9,7,5,62,38
4/14/2018,Southampton,Chelsea,A,2,3,1,0,10,17,7,5,13,14,4,7,42,58
4/14/2018,Swansea,Everton,D,1,1,0,1,17,12,7,3,10,11,6,3,51,49
4/14/2018,Tottenham,Man City,A,1,3,1,2,8,17,3,6,11,12,5,7,48,52
4/15/2018,Man United,West Brom,A,0,1,0,0,14,10,4,4,8,13,4,4,70,30
4/15/2018,Newcastle,Arsenal,H,2,1,1,1,8,15,4,3,11,9,2,5,28,72
4/16/2018,West Ham,Stoke,D,1,1,0,0,18,11,6,7,15,21,10,1,63,37
4/17/2018,Brighton,Tottenham,D,1,1,0,0,8,16,5,6,6,5,3,4,36,64
4/18/2018,Bournemouth,Man United,A,0,2,0,1,13,13,2,4,9,8,8,5,44,56
4/19/2018,Burnley,Chelsea,A,1,2,0,1,5,16,2,5,9,11,3,2,39,61
4/19/2018,Leicester,Southampton,D,0,0,0,0,11,6,3,2,10,10,11,3,54,46
4/21/2018,Watford,Crystal Palace,D,0,0,0,0,14,6,4,1,17,13,4,3,52,48
4/21/2018,West Brom,Liverpool,D,2,2,0,1,13,9,6,3,12,5,7,4,38,62
4/22/2018,Arsenal,West Ham,H,4,1,0,0,20,11,8,4,11,9,8,6,68,32
4/22/2018,Man City,Swansea,H,5,0,2,0,19,4,12,1,6,8,5,1,83,17
4/22/2018,Stoke,Burnley,D,1,1,1,0,8,16,3,7,15,5,3,8,43,57
4/23/2018,Everton,Newcastle,H,1,0,0,0,9,9,1,2,10,11,4,6,57,43
4/28/2018,Burnley,Brighton,D,0,0,0,0,10,9,4,1,5,17,3,4,44,56
4/28/2018,Crystal Palace,Leicester,H,5,0,2,0,15,6,9,1,11,9,8,2,51,49
4/28/2018,Huddersfield,Everton,A,0,2,0,1,9,7,2,5,9,8,4,3,54,46
4/28/2018,Liverpool,Stoke,D,0,0,0,0,20,5,2,1,7,14,9,2,72,28
4/28/2018,Newcastle,West Brom,A,0,1,0,1,17,9,2,2,8,13,5,1,64,36
4/28/2018,Southampton,Bournemouth,H,2,1,1,1,14,14,6,7,12,11,5,8,40,60
4/28/2018,Swansea,Chelsea,A,0,1,0,1,10,11,3,3,13,9,1,2,51,49
4/29/2018,Man United,Arsenal,H,2,1,1,0,17,8,3,3,12,7,9,0,59,41
4/29/2018,West Ham,Man City,A,1,4,1,2,4,19,1,7,5,11,0,7,25,75
4/30/2018,Tottenham,Watford,H,2,0,1,0,13,13,3,5,11,10,4,0,62,38
5/4/2018,Brighton,Man United,H,1,0,0,0,11,16,4,3,5,3,5,6,32,68
5/5/2018,Bournemouth,Swansea,H,1,0,1,0,13,12,5,3,10,10,11,6,45,55
5/5/2018,Everton,Southampton,D,1,1,0,0,9,11,3,5,14,12,3,4,54,46
5/5/2018,Leicester,West Ham,A,0,2,0,1,13,13,2,3,8,9,8,3,54,46
5/5/2018,Stoke,Crystal Palace,A,1,2,1,0,7,13,2,2,18,12,1,7,41,59
5/5/2018,Watford,Newcastle,H,2,1,2,0,11,9,8,1,9,11,2,5,39,61
5/5/2018,West Brom,Tottenham,H,1,0,0,0,9,18,1,5,13,12,5,9,26,74
5/6/2018,Arsenal,Burnley,H,5,0,2,0,16,6,8,2,6,7,4,5,26,74
5/6/2018,Chelsea,Liverpool,H,1,0,1,0,12,10,4,5,12,9,3,1,32,68
5/6/2018,Man City,Huddersfield,D,0,0,0,0,15,5,2,3,9,4,10,1,79,21
5/8/2018,Swansea,Southampton,A,0,1,0,0,11,13,3,8,7,15,7,6,53,47
5/9/2018,Chelsea,Huddersfield,D,1,1,0,0,22,3,5,2,7,10,9,0,78,22
5/9/2018,Leicester,Arsenal,H,3,1,1,0,19,14,10,7,7,12,6,6,40,60
5/9/2018,Man City,Brighton,H,3,1,2,1,19,6,7,3,5,7,4,3,74,26
5/9/2018,Tottenham,Newcastle,H,1,0,0,0,11,14,7,3,10,8,6,4,63,37
5/10/2018,West Ham,Man United,D,0,0,0,0,9,16,2,6,12,12,1,6,44,56
5/13/2018,Burnley,Bournemouth,A,1,2,1,0,12,16,4,5,14,9,7,8,51,49
5/13/2018,Crystal Palace,West Brom,H,2,0,0,0,11,7,5,1,10,11,4,2,59,41
5/13/2018,Huddersfield,Arsenal,A,0,1,0,1,18,9,3,4,11,7,7,4,45,55
5/13/2018,Liverpool,Brighton,H,4,0,2,0,22,2,11,1,3,6,7,3,72,28
5/13/2018,Man United,Watford,H,1,0,1,0,7,7,1,3,6,11,6,5,51,49
5/13/2018,Newcastle,Chelsea,H,3,0,1,0,16,6,6,2,11,10,4,2,42,58
5/13/2018,Southampton,Man City,A,0,1,0,0,8,13,3,2,8,10,1,12,30,70
5/13/2018,Swansea,Stoke,A,1,2,1,2,26,8,11,5,12,9,6,0,58,42
5/13/2018,Tottenham,Leicester,H,5,4,1,2,14,16,6,9,9,13,4,4,64,36
5/13/2018,West Ham,Everton,H,3,1,1,0,15,14,4,7,10,13,6,6,57,43
8/10/2018,Man United,Leicester,H,2,1,1,0,8,13,6,4,11,8,2,5,46,54
8/11/2018,Bournemouth,Cardiff,H,2,0,1,0,12,10,4,1,11,9,7,4,63,37
8/11/2018,Fulham,Crystal Palace,A,0,2,0,1,15,10,6,9,9,11,5,5,66,34
8/11/2018,Huddersfield,Chelsea,A,0,3,0,2,6,13,1,4,9,8,2,5,37,63
8/11/2018,Newcastle,Tottenham,A,1,2,1,2,15,15,2,5,11,12,3,5,40,60
8/11/2018,Watford,Brighton,H,2,0,1,0,19,6,5,0,10,16,8,2,53,47
8/11/2018,Wolves,Everton,D,2,2,1,1,11,6,4,5,8,7,3,6,57,43
8/12/2018,Arsenal,Man City,A,0,2,0,1,9,17,3,8,11,14,2,9,42,58
8/12/2018,Liverpool,West Ham,H,4,0,2,0,18,5,8,2,14,9,5,4,65,35
8/12/2018,Southampton,Burnley,D,0,0,0,0,18,16,3,6,10,9,8,5,48,52
8/18/2018,Cardiff,Newcastle,D,0,0,0,0,12,12,1,6,14,16,5,5,51,49
8/18/2018,Chelsea,Arsenal,H,3,2,2,2,24,15,11,6,12,9,5,1,62,38
8/18/2018,Everton,Southampton,H,2,1,2,0,13,15,7,4,8,20,2,5,58,42
8/18/2018,Leicester,Wolves,H,2,0,2,0,6,11,2,3,10,8,1,9,43,57
8/18/2018,Tottenham,Fulham,H,3,1,1,0,25,10,11,3,9,5,5,2,60,40
8/18/2018,West Ham,Bournemouth,A,1,2,1,0,11,12,5,5,14,10,6,4,61,39
8/19/2018,Brighton,Man United,H,3,2,3,1,6,9,3,3,16,13,3,5,77,23
8/19/2018,Burnley,Watford,A,1,3,1,1,8,9,3,6,8,19,5,2,58,42
8/19/2018,Man City,Huddersfield,H,6,1,3,1,32,5,14,1,9,4,10,3,77,23
8/20/2018,Crystal Palace,Liverpool,A,0,2,0,1,8,16,2,6,6,13,6,7,37,63
8/25/2018,Arsenal,West Ham,H,3,1,1,1,17,13,10,5,16,13,10,2,62,38
8/25/2018,Bournemouth,Everton,D,2,2,0,0,17,11,5,3,12,10,6,2,50,50
8/25/2018,Huddersfield,Cardiff,D,0,0,0,0,5,14,1,4,8,10,7,7,58,42
8/25/2018,Liverpool,Brighton,H,1,0,1,0,22,6,8,2,8,14,8,5,70,30
8/25/2018,Southampton,Leicester,A,1,2,0,0,11,8,5,5,13,11,10,3,58,42
8/25/2018,Wolves,Man City,D,1,1,0,0,11,18,2,6,13,8,5,9,29,71
8/26/2018,Fulham,Burnley,H,4,2,3,2,25,12,12,2,11,8,6,4,64,36
8/26/2018,Newcastle,Chelsea,A,1,2,0,0,6,15,2,3,16,8,4,5,19,81
8/26/2018,Watford,Crystal Palace,H,2,1,0,0,13,9,5,3,14,11,6,3,44,56
8/27/2018,Man United,Tottenham,A,0,3,0,0,23,9,5,5,11,16,5,2,57,43
9/1/2018,Brighton,Fulham,D,2,2,0,1,15,10,5,5,12,14,7,1,41,59
9/1/2018,Chelsea,Bournemouth,H,2,0,0,0,24,8,6,1,10,7,7,6,73,27
9/1/2018,Crystal Palace,Southampton,A,0,2,0,0,20,19,6,6,11,12,7,4,51,49
9/1/2018,Everton,Huddersfield,D,1,1,1,1,11,9,1,6,13,14,4,3,58,42
9/1/2018,Leicester,Liverpool,A,1,2,0,2,12,10,5,4,9,12,4,4,51,49
9/1/2018,Man City,Newcastle,H,2,1,1,1,24,3,8,2,5,13,4,0,78,22
9/1/2018,West Ham,Wolves,A,0,1,0,0,13,15,3,6,10,11,4,4,48,52
9/2/2018,Burnley,Man United,A,0,2,0,2,9,21,2,9,7,13,2,5,47,53
9/2/2018,Cardiff,Arsenal,A,2,3,1,1,14,17,3,11,12,14,3,9,28,72
9/2/2018,Watford,Tottenham,H,2,1,0,0,7,11,3,2,9,8,3,10,34,66
9/15/2018,Bournemouth,Leicester,H,4,2,3,0,10,14,5,8,13,15,4,6,47,53
9/15/2018,Chelsea,Cardiff,H,4,1,2,1,18,6,7,2,8,10,5,4,77,23
9/15/2018,Huddersfield,Crystal Palace,A,0,1,0,1,15,7,2,2,11,17,5,3,58,42
9/15/2018,Man City,Fulham,H,3,0,2,0,28,9,9,3,7,7,10,4,65,35
9/15/2018,Newcastle,Arsenal,A,1,2,0,0,4,12,2,2,13,11,10,4,36,64
9/15/2018,Tottenham,Liverpool,A,1,2,0,1,11,17,3,10,17,16,5,4,60,40
9/15/2018,Watford,Man United,A,1,2,0,2,14,9,5,6,9,11,6,8,43,57
9/16/2018,Everton,West Ham,A,1,3,1,2,16,9,4,4,15,12,4,2,56,44
9/16/2018,Wolves,Burnley,H,1,0,0,0,30,7,7,2,10,9,8,2,59,41
9/17/2018,Southampton,Brighton,D,2,2,1,0,14,12,5,4,10,13,1,4,51,49
9/22/2018,Brighton,Tottenham,A,1,2,0,1,8,16,4,7,15,9,5,7,29,71
9/22/2018,Burnley,Bournemouth,H,4,0,2,0,12,19,5,5,17,6,3,8,38,62
9/22/2018,Cardiff,Man City,A,0,5,0,3,2,21,2,10,6,4,1,9,21,79
9/22/2018,Crystal Palace,Newcastle,D,0,0,0,0,16,6,4,3,8,11,9,5,62,38
9/22/2018,Fulham,Watford,D,1,1,0,1,15,11,3,6,11,9,8,8,61,39
9/22/2018,Leicester,Huddersfield,H,3,1,1,1,18,9,8,2,10,16,3,1,62,38
9/22/2018,Liverpool,Southampton,H,3,0,3,0,12,7,4,1,7,10,5,4,61,39
9/22/2018,Man United,Wolves,D,1,1,1,0,15,11,6,8,5,17,5,4,65,35
9/23/2018,Arsenal,Everton,H,2,0,0,0,9,9,5,6,17,12,5,9,63,37
9/23/2018,West Ham,Chelsea,D,0,0,0,0,6,17,1,6,11,9,1,8,28,72
9/29/2018,Arsenal,Watford,H,2,0,0,0,9,13,2,4,11,17,6,6,64,36
9/29/2018,Chelsea,Liverpool,D,1,1,1,0,10,13,4,6,7,9,4,4,47,53
9/29/2018,Everton,Fulham,H,3,0,0,0,19,6,6,0,13,13,12,1,51,49
9/29/2018,Huddersfield,Tottenham,A,0,2,0,2,9,10,5,6,17,16,3,0,53,47
9/29/2018,Man City,Brighton,H,2,0,1,0,28,4,8,1,4,10,10,3,80,20
9/29/2018,Newcastle,Leicester,A,0,2,0,1,6,12,1,5,11,5,5,9,41,59
9/29/2018,West Ham,Man United,H,3,1,2,0,8,9,3,4,12,12,4,9,49,51
9/29/2018,Wolves,Southampton,H,2,0,0,0,14,17,6,6,11,7,8,6,49,51
9/30/2018,Cardiff,Burnley,A,1,2,0,0,19,3,5,2,11,15,10,2,54,46
10/1/2018,Bournemouth,Crystal Palace,H,2,1,1,0,11,10,5,2,9,12,3,3,45,55
10/5/2018,Brighton,West Ham,H,1,0,1,0,9,17,4,4,12,8,2,9,64,36
10/6/2018,Burnley,Huddersfield,D,1,1,1,0,6,19,3,2,8,11,1,10,51,49
10/6/2018,Crystal Palace,Wolves,A,0,1,0,0,11,7,4,2,11,13,6,3,69,31
10/6/2018,Leicester,Everton,A,1,2,1,1,8,17,2,8,10,11,2,10,51,49
10/6/2018,Man United,Newcastle,H,3,2,0,2,18,13,10,8,16,8,10,6,73,27
10/6/2018,Tottenham,Cardiff,H,1,0,1,0,19,8,7,6,7,11,6,2,76,24
10/6/2018,Watford,Bournemouth,A,0,4,0,3,14,10,2,7,11,9,10,7,47,53
10/7/2018,Fulham,Arsenal,A,1,5,1,1,21,9,4,7,11,12,4,2,49,51
10/7/2018,Liverpool,Man City,D,0,0,0,0,7,6,2,2,10,10,2,6,49,51
10/7/2018,Southampton,Chelsea,A,0,3,0,1,15,21,6,6,13,11,4,12,35,65
10/20/2018,Bournemouth,Southampton,D,0,0,0,0,10,8,2,4,10,14,6,4,57,43
10/20/2018,Cardiff,Fulham,H,4,2,2,2,22,9,5,4,15,16,4,4,40,60
10/20/2018,Chelsea,Man United,D,2,2,1,0,21,7,6,4,9,17,5,3,62,38
10/20/2018,Huddersfield,Liverpool,A,0,1,0,1,13,11,1,2,9,6,2,4,48,52
10/20/2018,Man City,Burnley,H,5,0,1,0,24,5,10,0,11,5,10,1,69,31
10/20/2018,Newcastle,Brighton,A,0,1,0,1,27,8,6,2,13,17,10,2,68,32
10/20/2018,West Ham,Tottenham,A,0,1,0,1,13,10,4,2,8,10,10,6,44,56
10/20/2018,Wolves,Watford,A,0,2,0,2,10,9,1,3,23,13,8,2,45,55
10/21/2018,Everton,Crystal Palace,H,2,0,0,0,20,7,4,3,13,17,10,5,60,40
10/22/2018,Arsenal,Leicester,H,3,1,1,1,19,8,6,2,10,10,6,4,69,31
10/27/2018,Brighton,Wolves,H,1,0,0,0,2,25,1,7,11,8,1,10,40,60
10/27/2018,Fulham,Bournemouth,A,0,3,0,1,11,12,1,5,16,3,5,5,52,48
10/27/2018,Leicester,West Ham,D,1,1,0,1,21,11,7,3,17,5,8,0,64,36
10/27/2018,Liverpool,Cardiff,H,4,1,1,0,19,2,7,1,6,4,8,0,80,20
10/27/2018,Southampton,Newcastle,D,0,0,0,0,22,6,4,0,9,12,7,2,50,50
10/27/2018,Watford,Huddersfield,H,3,0,2,0,12,13,6,7,9,13,3,3,48,52
10/28/2018,Burnley,Chelsea,A,0,4,0,1,7,24,1,8,14,10,4,4,30,70
10/28/2018,Crystal Palace,Arsenal,D,2,2,1,0,16,7,3,2,10,16,6,4,42,58
10/28/2018,Man United,Everton,H,2,1,1,0,14,14,10,6,15,12,8,4,54,46
10/29/2018,Tottenham,Man City,A,0,1,0,1,4,13,1,6,13,13,3,6,48,52
11/3/2018,Arsenal,Liverpool,D,1,1,0,0,12,13,4,4,7,7,5,8,62,38
11/3/2018,Bournemouth,Man United,A,1,2,1,1,18,18,7,8,12,12,9,5,49,51
11/3/2018,Cardiff,Leicester,A,0,1,0,0,11,13,2,5,13,12,6,12,40,60
11/3/2018,Everton,Brighton,H,3,1,1,1,14,5,3,3,9,17,6,4,62,38
11/3/2018,Newcastle,Watford,H,1,0,0,0,10,16,2,1,12,11,8,9,42,58
11/3/2018,West Ham,Burnley,H,4,2,1,1,22,6,10,3,7,9,10,4,63,37
11/3/2018,Wolves,Tottenham,A,2,3,0,2,16,10,7,8,11,8,5,1,49,51
11/4/2018,Chelsea,Crystal Palace,H,3,1,1,0,15,7,6,2,6,13,4,2,74,26
11/4/2018,Man City,Southampton,H,6,1,4,1,18,12,8,6,14,9,4,4,67,33
11/5/2018,Huddersfield,Fulham,H,1,0,1,0,10,7,2,1,11,8,5,4,45,55
11/10/2018,Cardiff,Brighton,H,2,1,1,1,20,7,6,3,7,21,4,1,61,39
11/10/2018,Crystal Palace,Tottenham,A,0,1,0,0,11,11,4,2,12,9,10,6,35,65
11/10/2018,Huddersfield,West Ham,D,1,1,1,0,15,12,7,5,9,8,5,6,44,56
11/10/2018,Leicester,Burnley,D,0,0,0,0,22,6,5,1,13,10,12,1,63,37
11/10/2018,Newcastle,Bournemouth,H,2,1,2,1,18,14,6,4,9,11,7,10,39,61
11/10/2018,Southampton,Watford,D,1,1,1,0,14,12,4,6,13,13,7,6,42,58
11/11/2018,Arsenal,Wolves,D,1,1,0,1,10,12,3,5,9,16,11,2,72,28
11/11/2018,Chelsea,Everton,D,0,0,0,0,15,6,4,1,7,11,5,5,69,31
11/11/2018,Liverpool,Fulham,H,2,0,1,0,20,8,7,3,11,9,6,3,73,27
11/11/2018,Man City,Man United,H,3,1,1,0,17,6,5,1,12,12,5,1,65,35
